[{"model": "orders.fooditem", "pk": 1, "fields": {"food_name": "Regular Pizza", "food_image": "https://images.unsplash.com/photo-1513104890138-7c749659a591?ixlib=rb-1.2.1&ixid=eyJhcHBfaWQiOjEyMDd9&auto=format&fit=crop&w=750&q=80", "slug": "regular-pizza"}}, {"model": "orders.fooditem", "pk": 2, "fields": {"food_name": "Sicilian Pizza", "food_image": "https://images.unsplash.com/photo-1590534247854-e97d5e3feef6?ixlib=rb-1.2.1&ixid=eyJhcHBfaWQiOjEyMDd9&auto=format&fit=crop&w=1050&q=80", "slug": "sicillian-pizza"}}, {"model": "orders.fooditem", "pk": 3, "fields": {"food_name": "Subs", "food_image": "https://images.unsplash.com/photo-1521390188846-e2a3a97453a0?ixlib=rb-1.2.1&ixid=eyJhcHBfaWQiOjEyMDd9&auto=format&fit=crop&w=1050&q=80", "slug": "subs"}}, {"model": "orders.fooditem", "pk": 4, "fields": {"food_name": "Pasta", "food_image": "https://images.unsplash.com/photo-1563379926898-05f4575a45d8?ixlib=rb-1.2.1&ixid=eyJhcHBfaWQiOjEyMDd9&auto=format&fit=crop&w=1050&q=80", "slug": "pasta"}}, {"model": "orders.fooditem", "pk": 5, "fields": {"food_name": "Salads", "food_image": "https://images.unsplash.com/photo-1541067179951-86f896983cf8?ixlib=rb-1.2.1&auto=format&fit=crop&w=1050&q=80", "slug": "salads"}}, {"model": "orders.fooditem", "pk": 6, "fields": {"food_name": "Dinner Platters", "food_image": "https://images.unsplash.com/photo-1539735776517-befcae86494d?ixlib=rb-1.2.1&ixid=eyJhcHBfaWQiOjEyMDd9&auto=format&fit=crop&w=1058&q=80", "slug": "dinner-platters"}}, {"model": "orders.size", "pk": 1, "fields": {"size_name": "small"}}, {"model": "orders.size", "pk": 2, "fields": {"size_name": "large"}}, {"model": "orders.addon", "pk": 1, "fields": {"addon_name": "Cheese"}}, {"model": "orders.addon", "pk": 2, "fields": {"addon_name": "1 topping"}}, {"model": "orders.addon", "pk": 3, "fields": {"addon_name": "2 toppings"}}, {"model": "orders.addon", "pk": 4, "fields": {"addon_name": "3 toppings"}}, {"model": "orders.addon", "pk": 5, "fields": {"addon_name": "Special"}}, {"model": "orders.addon", "pk": 6, "fields": {"addon_name": "Italian"}}, {"model": "orders.addon", "pk": 7, "fields": {"addon_name": "Ham + Cheese"}}, {"model": "orders.addon", "pk": 8, "fields": {"addon_name": "Meatball"}}, {"model": "orders.addon", "pk": 9, "fields": {"addon_name": "Tuna"}}, {"model": "orders.addon", "pk": 10, "fields": {"addon_name": "Turkey"}}, {"model": "orders.addon", "pk": 11, "fields": {"addon_name": "Chicken Parmigiana"}}, {"model": "orders.addon", "pk": 12, "fields": {"addon_name": "Eggplant Parmigiana"}}, {"model": "orders.addon", "pk": 13, "fields": {"addon_name": "Steak"}}, {"model": "orders.addon", "pk": 14, "fields": {"addon_name": "Steak + Cheese"}}, {"model": "orders.addon", "pk": 15, "fields": {"addon_name": "Steak + Cheese + Mushrooms"}}, {"model": "orders.addon", "pk": 16, "fields": {"addon_name": "Steak + Cheese + Mushrooms + Green Peppers"}}, {"model": "orders.addon", "pk": 17, "fields": {"addon_name": "Steak + Cheese + Mushrooms + Green Peppers + Onions"}}, {"model": "orders.addon", "pk": 18, "fields": {"addon_name": "Sausage, Peppers & Onions"}}, {"model": "orders.addon", "pk": 19, "fields": {"addon_name": "Hamburger"}}, {"model": "orders.addon", "pk": 20, "fields": {"addon_name": "Cheeseburger"}}, {"model": "orders.addon", "pk": 21, "fields": {"addon_name": "Fried Chicken"}}, {"model": "orders.addon", "pk": 22, "fields": {"addon_name": "Veggie"}}, {"model": "orders.addon", "pk": 24, "fields": {"addon_name": "Baked Ziti w/Mozzarella"}}, {"model": "orders.addon", "pk": 25, "fields": {"addon_name": "Baked Ziti w/Meatballs"}}, {"model": "orders.addon", "pk": 26, "fields": {"addon_name": "Baked Ziti w/Chicken"}}, {"model": "orders.addon", "pk": 27, "fields": {"addon_name": "Garden Salad"}}, {"model": "orders.addon", "pk": 28, "fields": {"addon_name": "Greek Salad"}}, {"model": "orders.addon", "pk": 30, "fields": {"addon_name": "Salad w/Tuna"}}, {"model": "orders.addon", "pk": 33, "fields": {"addon_name": "Antipasto"}}, {"model": "orders.addon", "pk": 34, "fields": {"addon_name": "Baked Ziti"}}, {"model": "orders.addon", "pk": 35, "fields": {"addon_name": "Meatball Parm"}}, {"model": "orders.addon", "pk": 36, "fields": {"addon_name": "Chicken Parm"}}, {"model": "orders.topping", "pk": 1, "fields": {"topping_name": "Pepperoni"}}, {"model": "orders.topping", "pk": 2, "fields": {"topping_name": "Sausage"}}, {"model": "orders.topping", "pk": 3, "fields": {"topping_name": "Mushrooms"}}, {"model": "orders.topping", "pk": 4, "fields": {"topping_name": "Onions"}}, {"model": "orders.topping", "pk": 5, "fields": {"topping_name": "Ham"}}, {"model": "orders.topping", "pk": 6, "fields": {"topping_name": "Canadian Bacon"}}, {"model": "orders.topping", "pk": 7, "fields": {"topping_name": "Pineapple"}}, {"model": "orders.topping", "pk": 8, "fields": {"topping_name": "Eggplant"}}, {"model": "orders.topping", "pk": 9, "fields": {"topping_name": "Tomato & Basil"}}, {"model": "orders.topping", "pk": 10, "fields": {"topping_name": "Green Peppers"}}, {"model": "orders.topping", "pk": 11, "fields": {"topping_name": "Hamburger"}}, {"model": "orders.topping", "pk": 12, "fields": {"topping_name": "Spinach"}}, {"model": "orders.topping", "pk": 13, "fields": {"topping_name": "Artichoke"}}, {"model": "orders.topping", "pk": 14, "fields": {"topping_name": "Buffalo Chicken"}}, {"model": "orders.topping", "pk": 15, "fields": {"topping_name": "Barbecue Chicken"}}, {"model": "orders.topping", "pk": 16, "fields": {"topping_name": "Anchovies"}}, {"model": "orders.topping", "pk": 17, "fields": {"topping_name": "Black Olives"}}, {"model": "orders.topping", "pk": 18, "fields": {"topping_name": "Fresh Garlic"}}, {"model": "orders.topping", "pk": 19, "fields": {"topping_name": "Zucchini"}}, {"model": "orders.status", "pk": 1, "fields": {"status_name": "Not confirmed"}}, {"model": "orders.status", "pk": 2, "fields": {"status_name": "Pending"}}, {"model": "orders.status", "pk": 3, "fields": {"status_name": "Completed"}}, {"model": "orders.menu", "pk": 1, "fields": {"food": 1, "addon": 1, "size": 1, "price": "12.70"}}, {"model": "orders.menu", "pk": 2, "fields": {"food": 1, "addon": 1, "size": 2, "price": "17.95"}}, {"model": "orders.menu", "pk": 3, "fields": {"food": 1, "addon": 2, "size": 1, "price": "13.70"}}, {"model": "orders.menu", "pk": 4, "fields": {"food": 1, "addon": 2, "size": 2, "price": "19.95"}}, {"model": "orders.menu", "pk": 5, "fields": {"food": 1, "addon": 3, "size": 1, "price": "15.20"}}, {"model": "orders.menu", "pk": 6, "fields": {"food": 1, "addon": 3, "size": 2, "price": "21.95"}}, {"model": "orders.menu", "pk": 7, "fields": {"food": 1, "addon": 4, "size": 1, "price": "16.20"}}, {"model": "orders.menu", "pk": 8, "fields": {"food": 1, "addon": 4, "size": 2, "price": "23.95"}}, {"model": "orders.menu", "pk": 9, "fields": {"food": 1, "addon": 5, "size": 1, "price": "17.75"}}, {"model": "orders.menu", "pk": 10, "fields": {"food": 1, "addon": 5, "size": 2, "price": "25.95"}}, {"model": "orders.menu", "pk": 11, "fields": {"food": 2, "addon": 1, "size": 1, "price": "24.45"}}, {"model": "orders.menu", "pk": 12, "fields": {"food": 2, "addon": 1, "size": 2, "price": "38.70"}}, {"model": "orders.menu", "pk": 13, "fields": {"food": 2, "addon": 2, "size": 1, "price": "26.45"}}, {"model": "orders.menu", "pk": 14, "fields": {"food": 2, "addon": 2, "size": 2, "price": "40.70"}}, {"model": "orders.menu", "pk": 15, "fields": {"food": 2, "addon": 3, "size": 1, "price": "28.45"}}, {"model": "orders.menu", "pk": 16, "fields": {"food": 2, "addon": 3, "size": 2, "price": "42.70"}}, {"model": "orders.menu", "pk": 17, "fields": {"food": 2, "addon": 4, "size": 1, "price": "29.45"}}, {"model": "orders.menu", "pk": 18, "fields": {"food": 2, "addon": 4, "size": 2, "price": "44.70"}}, {"model": "orders.menu", "pk": 19, "fields": {"food": 2, "addon": 5, "size": 1, "price": "30.45"}}, {"model": "orders.menu", "pk": 20, "fields": {"food": 2, "addon": 5, "size": 2, "price": "45.70"}}, {"model": "orders.menu", "pk": 21, "fields": {"food": 3, "addon": 1, "size": 1, "price": "6.50"}}, {"model": "orders.menu", "pk": 22, "fields": {"food": 3, "addon": 1, "size": 2, "price": "7.95"}}, {"model": "orders.menu", "pk": 23, "fields": {"food": 3, "addon": 6, "size": 1, "price": "6.50"}}, {"model": "orders.menu", "pk": 24, "fields": {"food": 3, "addon": 6, "size": 2, "price": "7.95"}}, {"model": "orders.menu", "pk": 25, "fields": {"food": 3, "addon": 7, "size": 1, "price": "6.50"}}, {"model": "orders.menu", "pk": 26, "fields": {"food": 3, "addon": 7, "size": 2, "price": "7.95"}}, {"model": "orders.menu", "pk": 27, "fields": {"food": 3, "addon": 8, "size": 1, "price": "6.50"}}, {"model": "orders.menu", "pk": 28, "fields": {"food": 3, "addon": 8, "size": 2, "price": "7.95"}}, {"model": "orders.menu", "pk": 29, "fields": {"food": 3, "addon": 9, "size": 1, "price": "6.50"}}, {"model": "orders.menu", "pk": 30, "fields": {"food": 3, "addon": 9, "size": 2, "price": "7.95"}}, {"model": "orders.menu", "pk": 31, "fields": {"food": 3, "addon": 10, "size": 1, "price": "7.50"}}, {"model": "orders.menu", "pk": 32, "fields": {"food": 3, "addon": 10, "size": 2, "price": "8.50"}}, {"model": "orders.menu", "pk": 33, "fields": {"food": 3, "addon": 11, "size": 1, "price": "7.50"}}, {"model": "orders.menu", "pk": 34, "fields": {"food": 3, "addon": 11, "size": 2, "price": "8.50"}}, {"model": "orders.menu", "pk": 35, "fields": {"food": 3, "addon": 12, "size": 1, "price": "6.50"}}, {"model": "orders.menu", "pk": 36, "fields": {"food": 3, "addon": 12, "size": 2, "price": "7.95"}}, {"model": "orders.menu", "pk": 37, "fields": {"food": 3, "addon": 13, "size": 1, "price": "6.50"}}, {"model": "orders.menu", "pk": 38, "fields": {"food": 3, "addon": 13, "size": 2, "price": "7.95"}}, {"model": "orders.menu", "pk": 39, "fields": {"food": 3, "addon": 14, "size": 1, "price": "6.95"}}, {"model": "orders.menu", "pk": 40, "fields": {"food": 3, "addon": 14, "size": 2, "price": "8.50"}}, {"model": "orders.menu", "pk": 41, "fields": {"food": 3, "addon": 15, "size": 1, "price": "7.45"}}, {"model": "orders.menu", "pk": 42, "fields": {"food": 3, "addon": 15, "size": 2, "price": "9.00"}}, {"model": "orders.menu", "pk": 43, "fields": {"food": 3, "addon": 16, "size": 1, "price": "7.95"}}, {"model": "orders.menu", "pk": 44, "fields": {"food": 3, "addon": 16, "size": 2, "price": "9.50"}}, {"model": "orders.menu", "pk": 45, "fields": {"food": 3, "addon": 17, "size": 1, "price": "8.45"}}, {"model": "orders.menu", "pk": 46, "fields": {"food": 3, "addon": 17, "size": 2, "price": "10.00"}}, {"model": "orders.menu", "pk": 47, "fields": {"food": 3, "addon": 18, "size": 2, "price": "8.50"}}, {"model": "orders.menu", "pk": 48, "fields": {"food": 3, "addon": 19, "size": 1, "price": "4.60"}}, {"model": "orders.menu", "pk": 49, "fields": {"food": 3, "addon": 19, "size": 2, "price": "6.95"}}, {"model": "orders.menu", "pk": 50, "fields": {"food": 3, "addon": 20, "size": 1, "price": "5.10"}}, {"model": "orders.menu", "pk": 51, "fields": {"food": 3, "addon": 20, "size": 2, "price": "7.45"}}, {"model": "orders.menu", "pk": 52, "fields": {"food": 3, "addon": 21, "size": 1, "price": "6.95"}}, {"model": "orders.menu", "pk": 53, "fields": {"food": 3, "addon": 21, "size": 2, "price": "8.50"}}, {"model": "orders.menu", "pk": 54, "fields": {"food": 3, "addon": 22, "size": 1, "price": "6.95"}}, {"model": "orders.menu", "pk": 55, "fields": {"food": 3, "addon": 22, "size": 2, "price": "8.50"}}, {"model": "orders.menu", "pk": 56, "fields": {"food": 4, "addon": 24, "size": null, "price": "6.50"}}, {"model": "orders.menu", "pk": 57, "fields": {"food": 4, "addon": 25, "size": null, "price": "8.75"}}, {"model": "orders.menu", "pk": 58, "fields": {"food": 4, "addon": 26, "size": null, "price": "9.75"}}, {"model": "orders.menu", "pk": 59, "fields": {"food": 5, "addon": 27, "size": null, "price": "6.25"}}, {"model": "orders.menu", "pk": 60, "fields": {"food": 5, "addon": 28, "size": null, "price": "8.25"}}, {"model": "orders.menu", "pk": 62, "fields": {"food": 5, "addon": 30, "size": null, "price": "8.25"}}, {"model": "orders.menu", "pk": 63, "fields": {"food": 6, "addon": 27, "size": 1, "price": "40.00"}}, {"model": "orders.menu", "pk": 64, "fields": {"food": 6, "addon": 28, "size": 1, "price": "50.00"}}, {"model": "orders.menu", "pk": 65, "fields": {"food": 6, "addon": 28, "size": 2, "price": "75.00"}}, {"model": "orders.menu", "pk": 68, "fields": {"food": 6, "addon": 34, "size": 1, "price": "40.00"}}, {"model": "orders.menu", "pk": 69, "fields": {"food": 6, "addon": 34, "size": 2, "price": "65.00"}}, {"model": "orders.menu", "pk": 70, "fields": {"food": 6, "addon": 35, "size": 1, "price": "50.00"}}, {"model": "orders.menu", "pk": 71, "fields": {"food": 6, "addon": 35, "size": 2, "price": "75.00"}}, {"model": "orders.menu", "pk": 72, "fields": {"food": 6, "addon": 36, "size": 1, "price": "55.00"}}, {"model": "orders.menu", "pk": 73, "fields": {"food": 6, "addon": 36, "size": 2, "price": "85.00"}}, {"model": "orders.menu", "pk": 74, "fields": {"food": 6, "addon": 27, "size": 2, "price": "65.00"}}, {"model": "orders.menu", "pk": 75, "fields": {"food": 5, "addon": 33, "size": null, "price": "8.25"}}, {"model": "contenttypes.contenttype", "pk": 1, "fields": {"app_label": "orders", "model": "addon"}}, {"model": "contenttypes.contenttype", "pk": 2, "fields": {"app_label": "orders", "model": "fooditem"}}, {"model": "contenttypes.contenttype", "pk": 3, "fields": {"app_label": "orders", "model": "size"}}, {"model": "contenttypes.contenttype", "pk": 4, "fields": {"app_label": "orders", "model": "topping"}}, {"model": "contenttypes.contenttype", "pk": 5, "fields": {"app_label": "orders", "model": "menu"}}, {"model": "contenttypes.contenttype", "pk": 6, "fields": {"app_label": "orders", "model": "order"}}, {"model": "contenttypes.contenttype", "pk": 7, "fields": {"app_label": "admin", "model": "logentry"}}, {"model": "contenttypes.contenttype", "pk": 8, "fields": {"app_label": "auth", "model": "permission"}}, {"model": "contenttypes.contenttype", "pk": 9, "fields": {"app_label": "auth", "model": "group"}}, {"model": "contenttypes.contenttype", "pk": 10, "fields": {"app_label": "auth", "model": "user"}}, {"model": "contenttypes.contenttype", "pk": 11, "fields": {"app_label": "contenttypes", "model": "contenttype"}}, {"model": "contenttypes.contenttype", "pk": 12, "fields": {"app_label": "sessions", "model": "session"}}, {"model": "contenttypes.contenttype", "pk": 13, "fields": {"app_label": "orders", "model": "status"}}, {"model": "sessions.session", "pk": "15injf9mvn9gg3nq8boordpjtkv1jtys", "fields": {"session_data": "MWNlODFhZmU0Mjk5NDdlM2NkMzcyZmE3MzYxN2RiZTMyYWQ1ZjBkMjp7Il9hdXRoX3VzZXJfaWQiOiIxIiwiX2F1dGhfdXNlcl9iYWNrZW5kIjoiZGphbmdvLmNvbnRyaWIuYXV0aC5iYWNrZW5kcy5Nb2RlbEJhY2tlbmQiLCJfYXV0aF91c2VyX2hhc2giOiIxZWQ0YzczNTM3MjljYjNjZDA0ZjVlM2MxOGRlNjQ0ZjViYTdhZTkzIiwibXlfb3JkZXJzIjpbeyJ1c2VyX2lkIjoxLCJmb29kIjoiUmVndWxhciBQaXp6YSIsImFkZG9uIjoiQ2hlZXNlIiwidG9wcGluZ18xIjpudWxsLCJ0b3BwaW5nXzIiOm51bGwsInRvcHBpbmdfMyI6bnVsbCwiZXh0cmFfY2hlZXNlIjpudWxsLCJzaXplIjoic21hbGwiLCJwcmljZSI6IjEyLjcwIiwic3RhdHVzIjoiUGVuZGluZyJ9LHsidXNlcl9pZCI6MSwiZm9vZCI6IlNpY2lsaWFuIFBpenphIiwiYWRkb24iOiJDaGVlc2UiLCJ0b3BwaW5nXzEiOm51bGwsInRvcHBpbmdfMiI6bnVsbCwidG9wcGluZ18zIjpudWxsLCJleHRyYV9jaGVlc2UiOm51bGwsInNpemUiOiJzbWFsbCIsInByaWNlIjoiMjQuNDUiLCJzdGF0dXMiOiJQZW5kaW5nIn1dfQ==", "expire_date": "2020-07-14T19:11:23.263Z"}}, {"model": "sessions.session", "pk": "2uy6e5eidobnt5r6rxa8ig8uqwwt4tvq", "fields": {"session_data": "M2I3NjVmNjExMjIzNzdiNDg3Njg4MzY0ZTNmNDRlNGY1ZWM0NDhiNzp7Il9hdXRoX3VzZXJfaWQiOiIxOCIsIl9hdXRoX3VzZXJfYmFja2VuZCI6ImRqYW5nby5jb250cmliLmF1dGguYmFja2VuZHMuTW9kZWxCYWNrZW5kIiwiX2F1dGhfdXNlcl9oYXNoIjoiYjRhMzMwM2U2YTJjNTU1MTZiYzNjODRiMmFmYmJiMzQ3ZjAwMzE3OCIsInVzZXJfaWQiOjE4LCJmb29kIjoiMiIsImFkZG9uIjoiMSB0b3BwaW5nIiwidG9wcGluZ18xIjoiR3JlZW4gUGVwcGVycyIsInRvcHBpbmdfMiI6bnVsbCwidG9wcGluZ18zIjpudWxsLCJleHRyYV9jaGVlc2UiOm51bGwsInNpemUiOiJzbWFsbCIsInByaWNlIjoiMjYuNDUifQ==", "expire_date": "2020-07-14T11:51:41.891Z"}}, {"model": "sessions.session", "pk": "2v2wdw565okmphjweoio3bu713bhupnb", "fields": {"session_data": "NTViOGI3M2Y5YmQ1NDUyZWYwZDM5Zjc2MWJhN2ZmMzMwZTgwMDFmZjp7Il9hdXRoX3VzZXJfaWQiOiIxIiwiX2F1dGhfdXNlcl9iYWNrZW5kIjoiZGphbmdvLmNvbnRyaWIuYXV0aC5iYWNrZW5kcy5Nb2RlbEJhY2tlbmQiLCJfYXV0aF91c2VyX2hhc2giOiIxZWQ0YzczNTM3MjljYjNjZDA0ZjVlM2MxOGRlNjQ0ZjViYTdhZTkzIn0=", "expire_date": "2020-07-14T19:12:29.406Z"}}, {"model": "sessions.session", "pk": "cf6rfdycgqkitfxgwz2w5sj4us0x460c", "fields": {"session_data": "NTViOGI3M2Y5YmQ1NDUyZWYwZDM5Zjc2MWJhN2ZmMzMwZTgwMDFmZjp7Il9hdXRoX3VzZXJfaWQiOiIxIiwiX2F1dGhfdXNlcl9iYWNrZW5kIjoiZGphbmdvLmNvbnRyaWIuYXV0aC5iYWNrZW5kcy5Nb2RlbEJhY2tlbmQiLCJfYXV0aF91c2VyX2hhc2giOiIxZWQ0YzczNTM3MjljYjNjZDA0ZjVlM2MxOGRlNjQ0ZjViYTdhZTkzIn0=", "expire_date": "2020-07-19T04:21:44.430Z"}}, {"model": "sessions.session", "pk": "ddw1f42bs8u7xfi8hd3wk5xgcysc4y5b", "fields": {"session_data": "NTViOGI3M2Y5YmQ1NDUyZWYwZDM5Zjc2MWJhN2ZmMzMwZTgwMDFmZjp7Il9hdXRoX3VzZXJfaWQiOiIxIiwiX2F1dGhfdXNlcl9iYWNrZW5kIjoiZGphbmdvLmNvbnRyaWIuYXV0aC5iYWNrZW5kcy5Nb2RlbEJhY2tlbmQiLCJfYXV0aF91c2VyX2hhc2giOiIxZWQ0YzczNTM3MjljYjNjZDA0ZjVlM2MxOGRlNjQ0ZjViYTdhZTkzIn0=", "expire_date": "2020-07-18T07:07:09.736Z"}}, {"model": "sessions.session", "pk": "ete3dw0wcov782i4p4agxqazkca6n6tg", "fields": {"session_data": "NTViOGI3M2Y5YmQ1NDUyZWYwZDM5Zjc2MWJhN2ZmMzMwZTgwMDFmZjp7Il9hdXRoX3VzZXJfaWQiOiIxIiwiX2F1dGhfdXNlcl9iYWNrZW5kIjoiZGphbmdvLmNvbnRyaWIuYXV0aC5iYWNrZW5kcy5Nb2RlbEJhY2tlbmQiLCJfYXV0aF91c2VyX2hhc2giOiIxZWQ0YzczNTM3MjljYjNjZDA0ZjVlM2MxOGRlNjQ0ZjViYTdhZTkzIn0=", "expire_date": "2020-07-14T22:33:18.522Z"}}, {"model": "sessions.session", "pk": "pn79liaebtyhuq3wo1v3epoed44j8f5d", "fields": {"session_data": "NTViOGI3M2Y5YmQ1NDUyZWYwZDM5Zjc2MWJhN2ZmMzMwZTgwMDFmZjp7Il9hdXRoX3VzZXJfaWQiOiIxIiwiX2F1dGhfdXNlcl9iYWNrZW5kIjoiZGphbmdvLmNvbnRyaWIuYXV0aC5iYWNrZW5kcy5Nb2RlbEJhY2tlbmQiLCJfYXV0aF91c2VyX2hhc2giOiIxZWQ0YzczNTM3MjljYjNjZDA0ZjVlM2MxOGRlNjQ0ZjViYTdhZTkzIn0=", "expire_date": "2020-07-06T09:37:28.702Z"}}, {"model": "sessions.session", "pk": "vrjjlvlq6nbmcwbyo4xxwz1xqh36ft9z", "fields": {"session_data": "YmEyNjdlYmVlMDllOWQ1MmUwYjIwNzY0YTQzMTBkNzQyZTExZjVlOTp7Il9hdXRoX3VzZXJfaWQiOiIxNSIsIl9hdXRoX3VzZXJfYmFja2VuZCI6ImRqYW5nby5jb250cmliLmF1dGguYmFja2VuZHMuTW9kZWxCYWNrZW5kIiwiX2F1dGhfdXNlcl9oYXNoIjoiNDg1ZWZhOGI4ZGVmZDQ4NGM0MTE1ZjgwMGU2ODU1ZDA1YjZmZDg3MCJ9", "expire_date": "2020-07-18T08:46:40.901Z"}}, {"model": "auth.permission", "pk": 1, "fields": {"name": "Can add add on", "content_type": 1, "codename": "add_addon"}}, {"model": "auth.permission", "pk": 2, "fields": {"name": "Can change add on", "content_type": 1, "codename": "change_addon"}}, {"model": "auth.permission", "pk": 3, "fields": {"name": "Can delete add on", "content_type": 1, "codename": "delete_addon"}}, {"model": "auth.permission", "pk": 4, "fields": {"name": "Can view add on", "content_type": 1, "codename": "view_addon"}}, {"model": "auth.permission", "pk": 5, "fields": {"name": "Can add food item", "content_type": 2, "codename": "add_fooditem"}}, {"model": "auth.permission", "pk": 6, "fields": {"name": "Can change food item", "content_type": 2, "codename": "change_fooditem"}}, {"model": "auth.permission", "pk": 7, "fields": {"name": "Can delete food item", "content_type": 2, "codename": "delete_fooditem"}}, {"model": "auth.permission", "pk": 8, "fields": {"name": "Can view food item", "content_type": 2, "codename": "view_fooditem"}}, {"model": "auth.permission", "pk": 9, "fields": {"name": "Can add size", "content_type": 3, "codename": "add_size"}}, {"model": "auth.permission", "pk": 10, "fields": {"name": "Can change size", "content_type": 3, "codename": "change_size"}}, {"model": "auth.permission", "pk": 11, "fields": {"name": "Can delete size", "content_type": 3, "codename": "delete_size"}}, {"model": "auth.permission", "pk": 12, "fields": {"name": "Can view size", "content_type": 3, "codename": "view_size"}}, {"model": "auth.permission", "pk": 13, "fields": {"name": "Can add topping", "content_type": 4, "codename": "add_topping"}}, {"model": "auth.permission", "pk": 14, "fields": {"name": "Can change topping", "content_type": 4, "codename": "change_topping"}}, {"model": "auth.permission", "pk": 15, "fields": {"name": "Can delete topping", "content_type": 4, "codename": "delete_topping"}}, {"model": "auth.permission", "pk": 16, "fields": {"name": "Can view topping", "content_type": 4, "codename": "view_topping"}}, {"model": "auth.permission", "pk": 17, "fields": {"name": "Can add price", "content_type": 5, "codename": "add_price"}}, {"model": "auth.permission", "pk": 18, "fields": {"name": "Can change price", "content_type": 5, "codename": "change_price"}}, {"model": "auth.permission", "pk": 19, "fields": {"name": "Can delete price", "content_type": 5, "codename": "delete_price"}}, {"model": "auth.permission", "pk": 20, "fields": {"name": "Can view price", "content_type": 5, "codename": "view_price"}}, {"model": "auth.permission", "pk": 21, "fields": {"name": "Can add order", "content_type": 6, "codename": "add_order"}}, {"model": "auth.permission", "pk": 22, "fields": {"name": "Can change order", "content_type": 6, "codename": "change_order"}}, {"model": "auth.permission", "pk": 23, "fields": {"name": "Can delete order", "content_type": 6, "codename": "delete_order"}}, {"model": "auth.permission", "pk": 24, "fields": {"name": "Can view order", "content_type": 6, "codename": "view_order"}}, {"model": "auth.permission", "pk": 25, "fields": {"name": "Can add log entry", "content_type": 7, "codename": "add_logentry"}}, {"model": "auth.permission", "pk": 26, "fields": {"name": "Can change log entry", "content_type": 7, "codename": "change_logentry"}}, {"model": "auth.permission", "pk": 27, "fields": {"name": "Can delete log entry", "content_type": 7, "codename": "delete_logentry"}}, {"model": "auth.permission", "pk": 28, "fields": {"name": "Can view log entry", "content_type": 7, "codename": "view_logentry"}}, {"model": "auth.permission", "pk": 29, "fields": {"name": "Can add permission", "content_type": 8, "codename": "add_permission"}}, {"model": "auth.permission", "pk": 30, "fields": {"name": "Can change permission", "content_type": 8, "codename": "change_permission"}}, {"model": "auth.permission", "pk": 31, "fields": {"name": "Can delete permission", "content_type": 8, "codename": "delete_permission"}}, {"model": "auth.permission", "pk": 32, "fields": {"name": "Can view permission", "content_type": 8, "codename": "view_permission"}}, {"model": "auth.permission", "pk": 33, "fields": {"name": "Can add group", "content_type": 9, "codename": "add_group"}}, {"model": "auth.permission", "pk": 34, "fields": {"name": "Can change group", "content_type": 9, "codename": "change_group"}}, {"model": "auth.permission", "pk": 35, "fields": {"name": "Can delete group", "content_type": 9, "codename": "delete_group"}}, {"model": "auth.permission", "pk": 36, "fields": {"name": "Can view group", "content_type": 9, "codename": "view_group"}}, {"model": "auth.permission", "pk": 37, "fields": {"name": "Can add user", "content_type": 10, "codename": "add_user"}}, {"model": "auth.permission", "pk": 38, "fields": {"name": "Can change user", "content_type": 10, "codename": "change_user"}}, {"model": "auth.permission", "pk": 39, "fields": {"name": "Can delete user", "content_type": 10, "codename": "delete_user"}}, {"model": "auth.permission", "pk": 40, "fields": {"name": "Can view user", "content_type": 10, "codename": "view_user"}}, {"model": "auth.permission", "pk": 41, "fields": {"name": "Can add content type", "content_type": 11, "codename": "add_contenttype"}}, {"model": "auth.permission", "pk": 42, "fields": {"name": "Can change content type", "content_type": 11, "codename": "change_contenttype"}}, {"model": "auth.permission", "pk": 43, "fields": {"name": "Can delete content type", "content_type": 11, "codename": "delete_contenttype"}}, {"model": "auth.permission", "pk": 44, "fields": {"name": "Can view content type", "content_type": 11, "codename": "view_contenttype"}}, {"model": "auth.permission", "pk": 45, "fields": {"name": "Can add session", "content_type": 12, "codename": "add_session"}}, {"model": "auth.permission", "pk": 46, "fields": {"name": "Can change session", "content_type": 12, "codename": "change_session"}}, {"model": "auth.permission", "pk": 47, "fields": {"name": "Can delete session", "content_type": 12, "codename": "delete_session"}}, {"model": "auth.permission", "pk": 48, "fields": {"name": "Can view session", "content_type": 12, "codename": "view_session"}}, {"model": "auth.permission", "pk": 49, "fields": {"name": "Can add menu", "content_type": 5, "codename": "add_menu"}}, {"model": "auth.permission", "pk": 50, "fields": {"name": "Can change menu", "content_type": 5, "codename": "change_menu"}}, {"model": "auth.permission", "pk": 51, "fields": {"name": "Can delete menu", "content_type": 5, "codename": "delete_menu"}}, {"model": "auth.permission", "pk": 52, "fields": {"name": "Can view menu", "content_type": 5, "codename": "view_menu"}}, {"model": "auth.permission", "pk": 53, "fields": {"name": "Can add status", "content_type": 13, "codename": "add_status"}}, {"model": "auth.permission", "pk": 54, "fields": {"name": "Can change status", "content_type": 13, "codename": "change_status"}}, {"model": "auth.permission", "pk": 55, "fields": {"name": "Can delete status", "content_type": 13, "codename": "delete_status"}}, {"model": "auth.permission", "pk": 56, "fields": {"name": "Can view status", "content_type": 13, "codename": "view_status"}}, {"model": "auth.user", "pk": 1, "fields": {"password": "pbkdf2_sha256$180000$psYnUSGD89H1$LGk2hD8j9VJcYUgYshxugraQ6imxjktBw36YFLg9HfQ=", "last_login": "2020-07-05T04:21:44.275Z", "is_superuser": true, "username": "minhajul", "first_name": "", "last_name": "", "email": "", "is_staff": true, "is_active": true, "date_joined": "2020-06-22T09:19:24.601Z", "groups": [], "user_permissions": []}}, {"model": "auth.user", "pk": 13, "fields": {"password": "pbkdf2_sha256$180000$PcIsAREOYxkR$LpuXuuOoIat0xyWEcd5Ns9BqcMV904kv6EZG0K0zpQA=", "last_login": "2020-06-24T08:52:25.829Z", "is_superuser": false, "username": "adil", "first_name": "", "last_name": "", "email": "adil@dil.com", "is_staff": false, "is_active": true, "date_joined": "2020-06-24T08:52:25.066Z", "groups": [], "user_permissions": []}}, {"model": "auth.user", "pk": 14, "fields": {"password": "pbkdf2_sha256$180000$ys32wDW7RzZB$GVq+CJxNOS1JqVlq2IstIlnxDz4S9rpFchH4I8Y3bUE=", "last_login": "2020-06-24T08:54:07.801Z", "is_superuser": false, "username": "mezbah", "first_name": "", "last_name": "", "email": "mez@bah.com", "is_staff": false, "is_active": true, "date_joined": "2020-06-24T08:54:07.019Z", "groups": [], "user_permissions": []}}, {"model": "auth.user", "pk": 15, "fields": {"password": "pbkdf2_sha256$180000$RrG5fi8jM944$JfTxHHq4edmx1Dj12R3yD70HXKS7dRrdg8NKyxBOMHw=", "last_login": "2020-07-04T08:46:40.773Z", "is_superuser": false, "username": "farooki", "first_name": "", "last_name": "", "email": "far@ooki.com", "is_staff": false, "is_active": true, "date_joined": "2020-06-24T09:08:38.790Z", "groups": [], "user_permissions": []}}, {"model": "auth.user", "pk": 16, "fields": {"password": "pbkdf2_sha256$180000$hghlvuYKSpU9$SVd/8863oAWd3v+yQvIAm8eXWmM21gHJKX8HjekfebE=", "last_login": "2020-06-24T10:29:32.555Z", "is_superuser": false, "username": "minhajul2", "first_name": "", "last_name": "", "email": "minhajul.kaarim@gmail.com", "is_staff": false, "is_active": true, "date_joined": "2020-06-24T10:29:31.817Z", "groups": [], "user_permissions": []}}, {"model": "auth.user", "pk": 17, "fields": {"password": "pbkdf2_sha256$180000$o5UDoni2rwo9$fWa3/PoCZvsT8OrCJ66ckQrUbLfhduu8uXefpdaBSiI=", "last_login": "2020-06-28T08:51:25.574Z", "is_superuser": false, "username": "pad", "first_name": "", "last_name": "", "email": "pad@rupantor.com", "is_staff": false, "is_active": true, "date_joined": "2020-06-28T08:51:24.761Z", "groups": [], "user_permissions": []}}, {"model": "auth.user", "pk": 18, "fields": {"password": "pbkdf2_sha256$180000$6AMDpe2UVCu9$LgheQdDYiSbZLqdNNfFE2RhO2KC/lbHmrFT12rz6jfE=", "last_login": "2020-06-30T11:51:26.767Z", "is_superuser": false, "username": "rupantor", "first_name": "", "last_name": "", "email": "rup@antor.com", "is_staff": false, "is_active": true, "date_joined": "2020-06-30T11:51:25.965Z", "groups": [], "user_permissions": []}}, {"model": "auth.user", "pk": 19, "fields": {"password": "pbkdf2_sha256$180000$J2qw9rwR2yqJ$vNQAWBijUBFu0e5hICoITEt1zUZAU4Jg7DXGVEoa9/M=", "last_login": "2020-07-04T04:17:44.312Z", "is_superuser": false, "username": "router", "first_name": "", "last_name": "", "email": "router@gmail.com", "is_staff": false, "is_active": true, "date_joined": "2020-07-02T10:30:58.766Z", "groups": [], "user_permissions": []}}, {"model": "auth.user", "pk": 20, "fields": {"password": "pbkdf2_sha256$180000$mYlelqOKng7P$dPZVWmjjhOamT/mzNbyi7JMkKS8wcU4G4x2q2mCxdYU=", "last_login": "2020-07-04T04:49:23.014Z", "is_superuser": false, "username": "iffat", "first_name": "", "last_name": "", "email": "iffat@jahan.com", "is_staff": false, "is_active": true, "date_joined": "2020-07-04T04:49:08.023Z", "groups": [], "user_permissions": []}}, {"model": "admin.logentry", "pk": 1, "fields": {"action_time": "2020-06-24T04:52:55.375Z", "user": 1, "content_type": 10, "object_id": "9", "object_repr": "snooze", "action_flag": 3, "change_message": ""}}, {"model": "admin.logentry", "pk": 2, "fields": {"action_time": "2020-06-24T04:58:18.753Z", "user": 1, "content_type": 10, "object_id": "10", "object_repr": "snooze", "action_flag": 3, "change_message": ""}}, {"model": "admin.logentry", "pk": 3, "fields": {"action_time": "2020-06-24T05:07:15.497Z", "user": 1, "content_type": 10, "object_id": "3", "object_repr": "akkas", "action_flag": 3, "change_message": ""}}, {"model": "admin.logentry", "pk": 4, "fields": {"action_time": "2020-06-24T05:07:15.687Z", "user": 1, "content_type": 10, "object_id": "7", "object_repr": "alvi", "action_flag": 3, "change_message": ""}}, {"model": "admin.logentry", "pk": 5, "fields": {"action_time": "2020-06-24T05:07:15.876Z", "user": 1, "content_type": 10, "object_id": "4", "object_repr": "azad", "action_flag": 3, "change_message": ""}}, {"model": "admin.logentry", "pk": 6, "fields": {"action_time": "2020-06-24T05:07:16.008Z", "user": 1, "content_type": 10, "object_id": "8", "object_repr": "chachi", "action_flag": 3, "change_message": ""}}, {"model": "admin.logentry", "pk": 7, "fields": {"action_time": "2020-06-24T05:07:16.170Z", "user": 1, "content_type": 10, "object_id": "6", "object_repr": "kmr", "action_flag": 3, "change_message": ""}}, {"model": "admin.logentry", "pk": 8, "fields": {"action_time": "2020-06-24T05:07:16.314Z", "user": 1, "content_type": 10, "object_id": "2", "object_repr": "mkr", "action_flag": 3, "change_message": ""}}, {"model": "admin.logentry", "pk": 9, "fields": {"action_time": "2020-06-24T05:07:16.473Z", "user": 1, "content_type": 10, "object_id": "5", "object_repr": "sami", "action_flag": 3, "change_message": ""}}, {"model": "admin.logentry", "pk": 10, "fields": {"action_time": "2020-06-24T05:07:16.606Z", "user": 1, "content_type": 10, "object_id": "11", "object_repr": "snooze", "action_flag": 3, "change_message": ""}}, {"model": "admin.logentry", "pk": 11, "fields": {"action_time": "2020-06-24T05:07:16.739Z", "user": 1, "content_type": 10, "object_id": "12", "object_repr": "snooze2", "action_flag": 3, "change_message": ""}}, {"model": "admin.logentry", "pk": 12, "fields": {"action_time": "2020-06-24T10:54:13.220Z", "user": 1, "content_type": 2, "object_id": "1", "object_repr": "Regular Pizza", "action_flag": 1, "change_message": "[{\"added\": {}}]"}}, {"model": "admin.logentry", "pk": 13, "fields": {"action_time": "2020-06-24T10:54:20.770Z", "user": 1, "content_type": 2, "object_id": "2", "object_repr": "Sicilian Pizza", "action_flag": 1, "change_message": "[{\"added\": {}}]"}}, {"model": "admin.logentry", "pk": 14, "fields": {"action_time": "2020-06-24T10:54:27.258Z", "user": 1, "content_type": 2, "object_id": "3", "object_repr": "Subs", "action_flag": 1, "change_message": "[{\"added\": {}}]"}}, {"model": "admin.logentry", "pk": 15, "fields": {"action_time": "2020-06-24T10:54:32.448Z", "user": 1, "content_type": 2, "object_id": "4", "object_repr": "Pasta", "action_flag": 1, "change_message": "[{\"added\": {}}]"}}, {"model": "admin.logentry", "pk": 16, "fields": {"action_time": "2020-06-24T10:54:37.264Z", "user": 1, "content_type": 2, "object_id": "5", "object_repr": "Salads", "action_flag": 1, "change_message": "[{\"added\": {}}]"}}, {"model": "admin.logentry", "pk": 17, "fields": {"action_time": "2020-06-24T10:54:42.213Z", "user": 1, "content_type": 2, "object_id": "6", "object_repr": "Dinner Platters", "action_flag": 1, "change_message": "[{\"added\": {}}]"}}, {"model": "admin.logentry", "pk": 18, "fields": {"action_time": "2020-06-24T10:55:01.002Z", "user": 1, "content_type": 3, "object_id": "1", "object_repr": "small", "action_flag": 1, "change_message": "[{\"added\": {}}]"}}, {"model": "admin.logentry", "pk": 19, "fields": {"action_time": "2020-06-24T10:55:10.301Z", "user": 1, "content_type": 3, "object_id": "2", "object_repr": "large", "action_flag": 1, "change_message": "[{\"added\": {}}]"}}, {"model": "admin.logentry", "pk": 20, "fields": {"action_time": "2020-06-24T10:55:37.067Z", "user": 1, "content_type": 4, "object_id": "1", "object_repr": "Pepperoni", "action_flag": 1, "change_message": "[{\"added\": {}}]"}}, {"model": "admin.logentry", "pk": 21, "fields": {"action_time": "2020-06-24T10:55:43.622Z", "user": 1, "content_type": 4, "object_id": "2", "object_repr": "Sausage", "action_flag": 1, "change_message": "[{\"added\": {}}]"}}, {"model": "admin.logentry", "pk": 22, "fields": {"action_time": "2020-06-24T10:55:47.983Z", "user": 1, "content_type": 4, "object_id": "3", "object_repr": "Mushrooms", "action_flag": 1, "change_message": "[{\"added\": {}}]"}}, {"model": "admin.logentry", "pk": 23, "fields": {"action_time": "2020-06-24T10:55:52.632Z", "user": 1, "content_type": 4, "object_id": "4", "object_repr": "Onions", "action_flag": 1, "change_message": "[{\"added\": {}}]"}}, {"model": "admin.logentry", "pk": 24, "fields": {"action_time": "2020-06-24T10:55:57.735Z", "user": 1, "content_type": 4, "object_id": "5", "object_repr": "Ham", "action_flag": 1, "change_message": "[{\"added\": {}}]"}}, {"model": "admin.logentry", "pk": 25, "fields": {"action_time": "2020-06-24T10:56:02.728Z", "user": 1, "content_type": 4, "object_id": "6", "object_repr": "Canadian Bacon", "action_flag": 1, "change_message": "[{\"added\": {}}]"}}, {"model": "admin.logentry", "pk": 26, "fields": {"action_time": "2020-06-24T10:56:06.691Z", "user": 1, "content_type": 4, "object_id": "7", "object_repr": "Pineapple", "action_flag": 1, "change_message": "[{\"added\": {}}]"}}, {"model": "admin.logentry", "pk": 27, "fields": {"action_time": "2020-06-24T10:56:10.734Z", "user": 1, "content_type": 4, "object_id": "8", "object_repr": "Eggplant", "action_flag": 1, "change_message": "[{\"added\": {}}]"}}, {"model": "admin.logentry", "pk": 28, "fields": {"action_time": "2020-06-24T10:56:16.004Z", "user": 1, "content_type": 4, "object_id": "9", "object_repr": "Tomato & Basil", "action_flag": 1, "change_message": "[{\"added\": {}}]"}}, {"model": "admin.logentry", "pk": 29, "fields": {"action_time": "2020-06-24T10:56:22.124Z", "user": 1, "content_type": 4, "object_id": "10", "object_repr": "Green Peppers", "action_flag": 1, "change_message": "[{\"added\": {}}]"}}, {"model": "admin.logentry", "pk": 30, "fields": {"action_time": "2020-06-24T10:56:26.673Z", "user": 1, "content_type": 4, "object_id": "11", "object_repr": "Hamburger", "action_flag": 1, "change_message": "[{\"added\": {}}]"}}, {"model": "admin.logentry", "pk": 31, "fields": {"action_time": "2020-06-24T10:56:32.042Z", "user": 1, "content_type": 4, "object_id": "12", "object_repr": "Spinach", "action_flag": 1, "change_message": "[{\"added\": {}}]"}}, {"model": "admin.logentry", "pk": 32, "fields": {"action_time": "2020-06-24T10:56:36.106Z", "user": 1, "content_type": 4, "object_id": "13", "object_repr": "Artichoke", "action_flag": 1, "change_message": "[{\"added\": {}}]"}}, {"model": "admin.logentry", "pk": 33, "fields": {"action_time": "2020-06-24T10:56:41.131Z", "user": 1, "content_type": 4, "object_id": "14", "object_repr": "Buffalo Chicken", "action_flag": 1, "change_message": "[{\"added\": {}}]"}}, {"model": "admin.logentry", "pk": 34, "fields": {"action_time": "2020-06-24T10:56:46.837Z", "user": 1, "content_type": 4, "object_id": "15", "object_repr": "Barbecue Chicken", "action_flag": 1, "change_message": "[{\"added\": {}}]"}}, {"model": "admin.logentry", "pk": 35, "fields": {"action_time": "2020-06-24T10:56:51.649Z", "user": 1, "content_type": 4, "object_id": "16", "object_repr": "Anchovies", "action_flag": 1, "change_message": "[{\"added\": {}}]"}}, {"model": "admin.logentry", "pk": 36, "fields": {"action_time": "2020-06-24T10:56:57.704Z", "user": 1, "content_type": 4, "object_id": "17", "object_repr": "Black Olives", "action_flag": 1, "change_message": "[{\"added\": {}}]"}}, {"model": "admin.logentry", "pk": 37, "fields": {"action_time": "2020-06-24T10:57:04.280Z", "user": 1, "content_type": 4, "object_id": "18", "object_repr": "Fresh Garlic", "action_flag": 1, "change_message": "[{\"added\": {}}]"}}, {"model": "admin.logentry", "pk": 38, "fields": {"action_time": "2020-06-24T10:57:09.848Z", "user": 1, "content_type": 4, "object_id": "19", "object_repr": "Zucchini", "action_flag": 1, "change_message": "[{\"added\": {}}]"}}, {"model": "admin.logentry", "pk": 39, "fields": {"action_time": "2020-06-24T10:58:43.761Z", "user": 1, "content_type": 1, "object_id": "1", "object_repr": "Cheese", "action_flag": 1, "change_message": "[{\"added\": {}}]"}}, {"model": "admin.logentry", "pk": 40, "fields": {"action_time": "2020-06-24T10:58:49.207Z", "user": 1, "content_type": 1, "object_id": "2", "object_repr": "1 topping", "action_flag": 1, "change_message": "[{\"added\": {}}]"}}, {"model": "admin.logentry", "pk": 41, "fields": {"action_time": "2020-06-24T10:58:54.643Z", "user": 1, "content_type": 1, "object_id": "3", "object_repr": "2 toppings", "action_flag": 1, "change_message": "[{\"added\": {}}]"}}, {"model": "admin.logentry", "pk": 42, "fields": {"action_time": "2020-06-24T10:58:58.894Z", "user": 1, "content_type": 1, "object_id": "4", "object_repr": "3 toppings", "action_flag": 1, "change_message": "[{\"added\": {}}]"}}, {"model": "admin.logentry", "pk": 43, "fields": {"action_time": "2020-06-24T10:59:02.946Z", "user": 1, "content_type": 1, "object_id": "5", "object_repr": "Special", "action_flag": 1, "change_message": "[{\"added\": {}}]"}}, {"model": "admin.logentry", "pk": 44, "fields": {"action_time": "2020-06-24T10:59:15.820Z", "user": 1, "content_type": 1, "object_id": "6", "object_repr": "Italian", "action_flag": 1, "change_message": "[{\"added\": {}}]"}}, {"model": "admin.logentry", "pk": 45, "fields": {"action_time": "2020-06-24T10:59:23.159Z", "user": 1, "content_type": 1, "object_id": "7", "object_repr": "Ham + Cheese", "action_flag": 1, "change_message": "[{\"added\": {}}]"}}, {"model": "admin.logentry", "pk": 46, "fields": {"action_time": "2020-06-24T10:59:27.370Z", "user": 1, "content_type": 1, "object_id": "8", "object_repr": "Meatball", "action_flag": 1, "change_message": "[{\"added\": {}}]"}}, {"model": "admin.logentry", "pk": 47, "fields": {"action_time": "2020-06-24T10:59:36.367Z", "user": 1, "content_type": 1, "object_id": "9", "object_repr": "Tuna", "action_flag": 1, "change_message": "[{\"added\": {}}]"}}, {"model": "admin.logentry", "pk": 48, "fields": {"action_time": "2020-06-24T11:00:29.071Z", "user": 1, "content_type": 1, "object_id": "10", "object_repr": "Turkey", "action_flag": 1, "change_message": "[{\"added\": {}}]"}}, {"model": "admin.logentry", "pk": 49, "fields": {"action_time": "2020-06-24T11:00:34.750Z", "user": 1, "content_type": 1, "object_id": "11", "object_repr": "Chicken Parmigiana", "action_flag": 1, "change_message": "[{\"added\": {}}]"}}, {"model": "admin.logentry", "pk": 50, "fields": {"action_time": "2020-06-24T11:00:40.186Z", "user": 1, "content_type": 1, "object_id": "12", "object_repr": "Eggplant Parmigiana", "action_flag": 1, "change_message": "[{\"added\": {}}]"}}, {"model": "admin.logentry", "pk": 51, "fields": {"action_time": "2020-06-24T11:00:46.089Z", "user": 1, "content_type": 1, "object_id": "13", "object_repr": "Steak", "action_flag": 1, "change_message": "[{\"added\": {}}]"}}, {"model": "admin.logentry", "pk": 52, "fields": {"action_time": "2020-06-24T11:00:52.399Z", "user": 1, "content_type": 1, "object_id": "14", "object_repr": "Steak + Cheese", "action_flag": 1, "change_message": "[{\"added\": {}}]"}}, {"model": "admin.logentry", "pk": 53, "fields": {"action_time": "2020-06-24T11:01:30.279Z", "user": 1, "content_type": 1, "object_id": "15", "object_repr": "Steak + Cheese + Mushrooms", "action_flag": 1, "change_message": "[{\"added\": {}}]"}}, {"model": "admin.logentry", "pk": 54, "fields": {"action_time": "2020-06-24T11:01:48.323Z", "user": 1, "content_type": 1, "object_id": "16", "object_repr": "Steak + Cheese + Mushrooms + Green Peppers", "action_flag": 1, "change_message": "[{\"added\": {}}]"}}, {"model": "admin.logentry", "pk": 55, "fields": {"action_time": "2020-06-24T11:02:04.331Z", "user": 1, "content_type": 1, "object_id": "17", "object_repr": "Steak + Cheese + Mushrooms + Green Peppers + Onions", "action_flag": 1, "change_message": "[{\"added\": {}}]"}}, {"model": "admin.logentry", "pk": 56, "fields": {"action_time": "2020-06-24T11:02:13.169Z", "user": 1, "content_type": 1, "object_id": "18", "object_repr": "Sausage, Peppers & Onions", "action_flag": 1, "change_message": "[{\"added\": {}}]"}}, {"model": "admin.logentry", "pk": 57, "fields": {"action_time": "2020-06-24T11:02:17.561Z", "user": 1, "content_type": 1, "object_id": "19", "object_repr": "Hamburger", "action_flag": 1, "change_message": "[{\"added\": {}}]"}}, {"model": "admin.logentry", "pk": 58, "fields": {"action_time": "2020-06-24T11:02:21.812Z", "user": 1, "content_type": 1, "object_id": "20", "object_repr": "Cheeseburger", "action_flag": 1, "change_message": "[{\"added\": {}}]"}}, {"model": "admin.logentry", "pk": 59, "fields": {"action_time": "2020-06-24T11:02:28.222Z", "user": 1, "content_type": 1, "object_id": "21", "object_repr": "Fried Chicken", "action_flag": 1, "change_message": "[{\"added\": {}}]"}}, {"model": "admin.logentry", "pk": 60, "fields": {"action_time": "2020-06-24T11:02:33.613Z", "user": 1, "content_type": 1, "object_id": "22", "object_repr": "Veggie", "action_flag": 1, "change_message": "[{\"added\": {}}]"}}, {"model": "admin.logentry", "pk": 61, "fields": {"action_time": "2020-06-24T11:02:40.245Z", "user": 1, "content_type": 1, "object_id": "23", "object_repr": "Extra Cheese on any sub", "action_flag": 1, "change_message": "[{\"added\": {}}]"}}, {"model": "admin.logentry", "pk": 62, "fields": {"action_time": "2020-06-24T11:56:34.827Z", "user": 1, "content_type": 1, "object_id": "24", "object_repr": "Baked Ziti w/Mozzarella", "action_flag": 1, "change_message": "[{\"added\": {}}]"}}, {"model": "admin.logentry", "pk": 63, "fields": {"action_time": "2020-06-24T11:56:42.002Z", "user": 1, "content_type": 1, "object_id": "25", "object_repr": "Baked Ziti w/Meatballs", "action_flag": 1, "change_message": "[{\"added\": {}}]"}}, {"model": "admin.logentry", "pk": 64, "fields": {"action_time": "2020-06-24T11:56:47.946Z", "user": 1, "content_type": 1, "object_id": "26", "object_repr": "Baked Ziti w/Chicken", "action_flag": 1, "change_message": "[{\"added\": {}}]"}}, {"model": "admin.logentry", "pk": 65, "fields": {"action_time": "2020-06-24T11:56:55.164Z", "user": 1, "content_type": 1, "object_id": "27", "object_repr": "Garden Salad", "action_flag": 1, "change_message": "[{\"added\": {}}]"}}, {"model": "admin.logentry", "pk": 66, "fields": {"action_time": "2020-06-24T11:57:02.957Z", "user": 1, "content_type": 1, "object_id": "28", "object_repr": "Greek Salad", "action_flag": 1, "change_message": "[{\"added\": {}}]"}}, {"model": "admin.logentry", "pk": 67, "fields": {"action_time": "2020-06-24T11:57:07.554Z", "user": 1, "content_type": 1, "object_id": "29", "object_repr": "Antipasto", "action_flag": 1, "change_message": "[{\"added\": {}}]"}}, {"model": "admin.logentry", "pk": 68, "fields": {"action_time": "2020-06-24T11:57:22.529Z", "user": 1, "content_type": 1, "object_id": "30", "object_repr": "Salad w/Tuna", "action_flag": 1, "change_message": "[{\"added\": {}}]"}}, {"model": "admin.logentry", "pk": 69, "fields": {"action_time": "2020-06-24T11:57:32.515Z", "user": 1, "content_type": 1, "object_id": "31", "object_repr": "Garden Salad", "action_flag": 1, "change_message": "[{\"added\": {}}]"}}, {"model": "admin.logentry", "pk": 70, "fields": {"action_time": "2020-06-24T11:57:38.039Z", "user": 1, "content_type": 1, "object_id": "32", "object_repr": "Greek Salad", "action_flag": 1, "change_message": "[{\"added\": {}}]"}}, {"model": "admin.logentry", "pk": 71, "fields": {"action_time": "2020-06-24T11:57:42.558Z", "user": 1, "content_type": 1, "object_id": "33", "object_repr": "Antipasto", "action_flag": 1, "change_message": "[{\"added\": {}}]"}}, {"model": "admin.logentry", "pk": 72, "fields": {"action_time": "2020-06-24T11:57:53.427Z", "user": 1, "content_type": 1, "object_id": "34", "object_repr": "Baked Ziti", "action_flag": 1, "change_message": "[{\"added\": {}}]"}}, {"model": "admin.logentry", "pk": 73, "fields": {"action_time": "2020-06-24T11:58:00.003Z", "user": 1, "content_type": 1, "object_id": "35", "object_repr": "Meatball Parm", "action_flag": 1, "change_message": "[{\"added\": {}}]"}}, {"model": "admin.logentry", "pk": 74, "fields": {"action_time": "2020-06-24T11:58:43.077Z", "user": 1, "content_type": 1, "object_id": "36", "object_repr": "Chicken Parm", "action_flag": 1, "change_message": "[{\"added\": {}}]"}}, {"model": "admin.logentry", "pk": 75, "fields": {"action_time": "2020-06-24T11:59:13.226Z", "user": 1, "content_type": 5, "object_id": "1", "object_repr": "Regular Pizza - Cheese - small - 12.70", "action_flag": 1, "change_message": "[{\"added\": {}}]"}}, {"model": "admin.logentry", "pk": 76, "fields": {"action_time": "2020-06-24T11:59:25.865Z", "user": 1, "content_type": 5, "object_id": "2", "object_repr": "Regular Pizza - Cheese - large - 17.95", "action_flag": 1, "change_message": "[{\"added\": {}}]"}}, {"model": "admin.logentry", "pk": 77, "fields": {"action_time": "2020-06-24T11:59:40.691Z", "user": 1, "content_type": 5, "object_id": "3", "object_repr": "Regular Pizza - 1 topping - small - 13.70", "action_flag": 1, "change_message": "[{\"added\": {}}]"}}, {"model": "admin.logentry", "pk": 78, "fields": {"action_time": "2020-06-24T11:59:52.100Z", "user": 1, "content_type": 5, "object_id": "4", "object_repr": "Regular Pizza - 1 topping - large - 19.95", "action_flag": 1, "change_message": "[{\"added\": {}}]"}}, {"model": "admin.logentry", "pk": 79, "fields": {"action_time": "2020-06-24T12:00:02.845Z", "user": 1, "content_type": 5, "object_id": "5", "object_repr": "Regular Pizza - 2 toppings - small - 15.20", "action_flag": 1, "change_message": "[{\"added\": {}}]"}}, {"model": "admin.logentry", "pk": 80, "fields": {"action_time": "2020-06-24T12:00:17.096Z", "user": 1, "content_type": 5, "object_id": "6", "object_repr": "Regular Pizza - 2 toppings - large - 21.95", "action_flag": 1, "change_message": "[{\"added\": {}}]"}}, {"model": "admin.logentry", "pk": 81, "fields": {"action_time": "2020-06-24T12:00:29.130Z", "user": 1, "content_type": 5, "object_id": "7", "object_repr": "Regular Pizza - 3 toppings - small - 16.20", "action_flag": 1, "change_message": "[{\"added\": {}}]"}}, {"model": "admin.logentry", "pk": 82, "fields": {"action_time": "2020-06-24T12:00:38.918Z", "user": 1, "content_type": 5, "object_id": "8", "object_repr": "Regular Pizza - 3 toppings - large - 23.95", "action_flag": 1, "change_message": "[{\"added\": {}}]"}}, {"model": "admin.logentry", "pk": 83, "fields": {"action_time": "2020-06-24T12:00:54.812Z", "user": 1, "content_type": 5, "object_id": "9", "object_repr": "Regular Pizza - Special - small - 17.75", "action_flag": 1, "change_message": "[{\"added\": {}}]"}}, {"model": "admin.logentry", "pk": 84, "fields": {"action_time": "2020-06-24T12:01:11.647Z", "user": 1, "content_type": 5, "object_id": "10", "object_repr": "Regular Pizza - Special - large - 25.95", "action_flag": 1, "change_message": "[{\"added\": {}}]"}}, {"model": "admin.logentry", "pk": 85, "fields": {"action_time": "2020-06-24T12:01:29.424Z", "user": 1, "content_type": 5, "object_id": "11", "object_repr": "Sicilian Pizza - Cheese - small - 24.45", "action_flag": 1, "change_message": "[{\"added\": {}}]"}}, {"model": "admin.logentry", "pk": 86, "fields": {"action_time": "2020-06-24T12:01:40.448Z", "user": 1, "content_type": 5, "object_id": "12", "object_repr": "Sicilian Pizza - Cheese - large - 38.70", "action_flag": 1, "change_message": "[{\"added\": {}}]"}}, {"model": "admin.logentry", "pk": 87, "fields": {"action_time": "2020-06-24T12:01:52.817Z", "user": 1, "content_type": 5, "object_id": "13", "object_repr": "Sicilian Pizza - 1 topping - small - 26.45", "action_flag": 1, "change_message": "[{\"added\": {}}]"}}, {"model": "admin.logentry", "pk": 88, "fields": {"action_time": "2020-06-24T12:02:02.868Z", "user": 1, "content_type": 5, "object_id": "14", "object_repr": "Sicilian Pizza - 1 topping - large - 40.70", "action_flag": 1, "change_message": "[{\"added\": {}}]"}}, {"model": "admin.logentry", "pk": 89, "fields": {"action_time": "2020-06-24T12:02:13.030Z", "user": 1, "content_type": 5, "object_id": "15", "object_repr": "Sicilian Pizza - 2 toppings - small - 28.45", "action_flag": 1, "change_message": "[{\"added\": {}}]"}}, {"model": "admin.logentry", "pk": 90, "fields": {"action_time": "2020-06-24T12:02:22.845Z", "user": 1, "content_type": 5, "object_id": "16", "object_repr": "Sicilian Pizza - 2 toppings - large - 42.70", "action_flag": 1, "change_message": "[{\"added\": {}}]"}}, {"model": "admin.logentry", "pk": 91, "fields": {"action_time": "2020-06-24T12:02:32.644Z", "user": 1, "content_type": 5, "object_id": "17", "object_repr": "Sicilian Pizza - 3 toppings - small - 29.45", "action_flag": 1, "change_message": "[{\"added\": {}}]"}}, {"model": "admin.logentry", "pk": 92, "fields": {"action_time": "2020-06-24T12:02:45.813Z", "user": 1, "content_type": 5, "object_id": "18", "object_repr": "Sicilian Pizza - 3 toppings - large - 44.70", "action_flag": 1, "change_message": "[{\"added\": {}}]"}}, {"model": "admin.logentry", "pk": 93, "fields": {"action_time": "2020-06-24T12:02:58.124Z", "user": 1, "content_type": 5, "object_id": "19", "object_repr": "Sicilian Pizza - Special - small - 30.45", "action_flag": 1, "change_message": "[{\"added\": {}}]"}}, {"model": "admin.logentry", "pk": 94, "fields": {"action_time": "2020-06-24T12:03:09.848Z", "user": 1, "content_type": 5, "object_id": "20", "object_repr": "Sicilian Pizza - Special - large - 45.70", "action_flag": 1, "change_message": "[{\"added\": {}}]"}}, {"model": "admin.logentry", "pk": 95, "fields": {"action_time": "2020-06-24T12:03:26.520Z", "user": 1, "content_type": 5, "object_id": "21", "object_repr": "Subs - Cheese - small - 6.50", "action_flag": 1, "change_message": "[{\"added\": {}}]"}}, {"model": "admin.logentry", "pk": 96, "fields": {"action_time": "2020-06-24T12:03:39.535Z", "user": 1, "content_type": 5, "object_id": "22", "object_repr": "Subs - Cheese - large - 7.95", "action_flag": 1, "change_message": "[{\"added\": {}}]"}}, {"model": "admin.logentry", "pk": 97, "fields": {"action_time": "2020-06-24T12:03:53.953Z", "user": 1, "content_type": 5, "object_id": "23", "object_repr": "Subs - Italian - small - 6.50", "action_flag": 1, "change_message": "[{\"added\": {}}]"}}, {"model": "admin.logentry", "pk": 98, "fields": {"action_time": "2020-06-24T12:04:04.473Z", "user": 1, "content_type": 5, "object_id": "24", "object_repr": "Subs - Italian - large - 7.95", "action_flag": 1, "change_message": "[{\"added\": {}}]"}}, {"model": "admin.logentry", "pk": 99, "fields": {"action_time": "2020-06-24T12:04:13.950Z", "user": 1, "content_type": 5, "object_id": "25", "object_repr": "Subs - Ham + Cheese - small - 6.50", "action_flag": 1, "change_message": "[{\"added\": {}}]"}}, {"model": "admin.logentry", "pk": 100, "fields": {"action_time": "2020-06-24T12:04:23.588Z", "user": 1, "content_type": 5, "object_id": "26", "object_repr": "Subs - Ham + Cheese - large - 7.95", "action_flag": 1, "change_message": "[{\"added\": {}}]"}}, {"model": "admin.logentry", "pk": 101, "fields": {"action_time": "2020-06-24T12:04:33.815Z", "user": 1, "content_type": 5, "object_id": "27", "object_repr": "Subs - Meatball - small - 6.50", "action_flag": 1, "change_message": "[{\"added\": {}}]"}}, {"model": "admin.logentry", "pk": 102, "fields": {"action_time": "2020-06-24T12:04:45.033Z", "user": 1, "content_type": 5, "object_id": "28", "object_repr": "Subs - Meatball - large - 7.95", "action_flag": 1, "change_message": "[{\"added\": {}}]"}}, {"model": "admin.logentry", "pk": 103, "fields": {"action_time": "2020-06-24T12:05:04.029Z", "user": 1, "content_type": 5, "object_id": "29", "object_repr": "Subs - Tuna - small - 6.50", "action_flag": 1, "change_message": "[{\"added\": {}}]"}}, {"model": "admin.logentry", "pk": 104, "fields": {"action_time": "2020-06-24T12:05:14.735Z", "user": 1, "content_type": 5, "object_id": "30", "object_repr": "Subs - Tuna - large - 7.95", "action_flag": 1, "change_message": "[{\"added\": {}}]"}}, {"model": "admin.logentry", "pk": 105, "fields": {"action_time": "2020-06-24T12:05:24.974Z", "user": 1, "content_type": 5, "object_id": "31", "object_repr": "Subs - Turkey - small - 7.50", "action_flag": 1, "change_message": "[{\"added\": {}}]"}}, {"model": "admin.logentry", "pk": 106, "fields": {"action_time": "2020-06-24T12:05:36.262Z", "user": 1, "content_type": 5, "object_id": "32", "object_repr": "Subs - Turkey - large - 8.50", "action_flag": 1, "change_message": "[{\"added\": {}}]"}}, {"model": "admin.logentry", "pk": 107, "fields": {"action_time": "2020-06-24T12:07:20.101Z", "user": 1, "content_type": 5, "object_id": "33", "object_repr": "Subs - Chicken Parmigiana - small - 7.50", "action_flag": 1, "change_message": "[{\"added\": {}}]"}}, {"model": "admin.logentry", "pk": 108, "fields": {"action_time": "2020-06-24T12:07:30.197Z", "user": 1, "content_type": 5, "object_id": "34", "object_repr": "Subs - Chicken Parmigiana - large - 8.50", "action_flag": 1, "change_message": "[{\"added\": {}}]"}}, {"model": "admin.logentry", "pk": 109, "fields": {"action_time": "2020-06-24T12:07:40.341Z", "user": 1, "content_type": 5, "object_id": "35", "object_repr": "Subs - Eggplant Parmigiana - small - 6.50", "action_flag": 1, "change_message": "[{\"added\": {}}]"}}, {"model": "admin.logentry", "pk": 110, "fields": {"action_time": "2020-06-24T12:07:53.058Z", "user": 1, "content_type": 5, "object_id": "36", "object_repr": "Subs - Eggplant Parmigiana - large - 7.95", "action_flag": 1, "change_message": "[{\"added\": {}}]"}}, {"model": "admin.logentry", "pk": 111, "fields": {"action_time": "2020-06-24T12:08:04.017Z", "user": 1, "content_type": 5, "object_id": "37", "object_repr": "Subs - Steak - small - 6.50", "action_flag": 1, "change_message": "[{\"added\": {}}]"}}, {"model": "admin.logentry", "pk": 112, "fields": {"action_time": "2020-06-24T12:08:15.710Z", "user": 1, "content_type": 5, "object_id": "38", "object_repr": "Subs - Steak - large - 7.95", "action_flag": 1, "change_message": "[{\"added\": {}}]"}}, {"model": "admin.logentry", "pk": 113, "fields": {"action_time": "2020-06-24T12:08:29.855Z", "user": 1, "content_type": 5, "object_id": "39", "object_repr": "Subs - Steak + Cheese - small - 6.95", "action_flag": 1, "change_message": "[{\"added\": {}}]"}}, {"model": "admin.logentry", "pk": 114, "fields": {"action_time": "2020-06-24T12:08:42.121Z", "user": 1, "content_type": 5, "object_id": "40", "object_repr": "Subs - Steak + Cheese - large - 8.50", "action_flag": 1, "change_message": "[{\"added\": {}}]"}}, {"model": "admin.logentry", "pk": 115, "fields": {"action_time": "2020-06-24T12:11:21.475Z", "user": 1, "content_type": 5, "object_id": "41", "object_repr": "Subs - Steak + Cheese + Mushrooms - small - 7.45", "action_flag": 1, "change_message": "[{\"added\": {}}]"}}, {"model": "admin.logentry", "pk": 116, "fields": {"action_time": "2020-06-24T12:11:32.857Z", "user": 1, "content_type": 5, "object_id": "42", "object_repr": "Subs - Steak + Cheese + Mushrooms - large - 9.00", "action_flag": 1, "change_message": "[{\"added\": {}}]"}}, {"model": "admin.logentry", "pk": 117, "fields": {"action_time": "2020-06-24T12:11:54.034Z", "user": 1, "content_type": 5, "object_id": "43", "object_repr": "Subs - Steak + Cheese + Mushrooms + Green Peppers - small - 7.95", "action_flag": 1, "change_message": "[{\"added\": {}}]"}}, {"model": "admin.logentry", "pk": 118, "fields": {"action_time": "2020-06-24T12:12:06.145Z", "user": 1, "content_type": 5, "object_id": "44", "object_repr": "Subs - Steak + Cheese + Mushrooms + Green Peppers - large - 9.50", "action_flag": 1, "change_message": "[{\"added\": {}}]"}}, {"model": "admin.logentry", "pk": 119, "fields": {"action_time": "2020-06-24T12:12:26.218Z", "user": 1, "content_type": 5, "object_id": "45", "object_repr": "Subs - Steak + Cheese + Mushrooms + Green Peppers + Onions - small - 8.45", "action_flag": 1, "change_message": "[{\"added\": {}}]"}}, {"model": "admin.logentry", "pk": 120, "fields": {"action_time": "2020-06-24T12:12:57.301Z", "user": 1, "content_type": 5, "object_id": "46", "object_repr": "Subs - Steak + Cheese + Mushrooms + Green Peppers + Onions - large - 10.00", "action_flag": 1, "change_message": "[{\"added\": {}}]"}}, {"model": "admin.logentry", "pk": 121, "fields": {"action_time": "2020-06-24T12:13:41.082Z", "user": 1, "content_type": 5, "object_id": "47", "object_repr": "Subs - Sausage, Peppers & Onions - large - 8.50", "action_flag": 1, "change_message": "[{\"added\": {}}]"}}, {"model": "admin.logentry", "pk": 122, "fields": {"action_time": "2020-06-24T12:13:51.383Z", "user": 1, "content_type": 5, "object_id": "48", "object_repr": "Subs - Hamburger - small - 4.60", "action_flag": 1, "change_message": "[{\"added\": {}}]"}}, {"model": "admin.logentry", "pk": 123, "fields": {"action_time": "2020-06-24T12:14:00.736Z", "user": 1, "content_type": 5, "object_id": "49", "object_repr": "Subs - Hamburger - large - 6.95", "action_flag": 1, "change_message": "[{\"added\": {}}]"}}, {"model": "admin.logentry", "pk": 124, "fields": {"action_time": "2020-06-24T12:14:22.006Z", "user": 1, "content_type": 5, "object_id": "50", "object_repr": "Subs - Cheeseburger - small - 5.10", "action_flag": 1, "change_message": "[{\"added\": {}}]"}}, {"model": "admin.logentry", "pk": 125, "fields": {"action_time": "2020-06-24T12:14:36.655Z", "user": 1, "content_type": 5, "object_id": "51", "object_repr": "Subs - Cheeseburger - large - 7.45", "action_flag": 1, "change_message": "[{\"added\": {}}]"}}, {"model": "admin.logentry", "pk": 126, "fields": {"action_time": "2020-06-24T12:14:46.363Z", "user": 1, "content_type": 5, "object_id": "52", "object_repr": "Subs - Fried Chicken - small - 6.95", "action_flag": 1, "change_message": "[{\"added\": {}}]"}}, {"model": "admin.logentry", "pk": 127, "fields": {"action_time": "2020-06-24T12:14:58.725Z", "user": 1, "content_type": 5, "object_id": "53", "object_repr": "Subs - Fried Chicken - large - 8.50", "action_flag": 1, "change_message": "[{\"added\": {}}]"}}, {"model": "admin.logentry", "pk": 128, "fields": {"action_time": "2020-06-24T12:15:58.916Z", "user": 1, "content_type": 5, "object_id": "54", "object_repr": "Subs - Veggie - small - 6.95", "action_flag": 1, "change_message": "[{\"added\": {}}]"}}, {"model": "admin.logentry", "pk": 129, "fields": {"action_time": "2020-06-24T12:16:17.597Z", "user": 1, "content_type": 5, "object_id": "55", "object_repr": "Subs - Veggie - large - 8.50", "action_flag": 1, "change_message": "[{\"added\": {}}]"}}, {"model": "admin.logentry", "pk": 130, "fields": {"action_time": "2020-06-24T14:05:47.414Z", "user": 1, "content_type": 5, "object_id": "56", "object_repr": "Pasta - Baked Ziti w/Mozzarella - None - 6.50", "action_flag": 1, "change_message": "[{\"added\": {}}]"}}, {"model": "admin.logentry", "pk": 131, "fields": {"action_time": "2020-06-24T14:06:00.318Z", "user": 1, "content_type": 5, "object_id": "57", "object_repr": "Pasta - Baked Ziti w/Meatballs - None - 8.75", "action_flag": 1, "change_message": "[{\"added\": {}}]"}}, {"model": "admin.logentry", "pk": 132, "fields": {"action_time": "2020-06-24T14:06:13.329Z", "user": 1, "content_type": 5, "object_id": "58", "object_repr": "Pasta - Baked Ziti w/Chicken - None - 9.75", "action_flag": 1, "change_message": "[{\"added\": {}}]"}}, {"model": "admin.logentry", "pk": 133, "fields": {"action_time": "2020-06-24T14:06:28.903Z", "user": 1, "content_type": 5, "object_id": "59", "object_repr": "Salads - Garden Salad - None - 6.25", "action_flag": 1, "change_message": "[{\"added\": {}}]"}}, {"model": "admin.logentry", "pk": 134, "fields": {"action_time": "2020-06-24T14:06:44.845Z", "user": 1, "content_type": 5, "object_id": "60", "object_repr": "Salads - Greek Salad - None - 8.25", "action_flag": 1, "change_message": "[{\"added\": {}}]"}}, {"model": "admin.logentry", "pk": 135, "fields": {"action_time": "2020-06-24T14:06:59.037Z", "user": 1, "content_type": 5, "object_id": "61", "object_repr": "Salads - Antipasto - None - 8.25", "action_flag": 1, "change_message": "[{\"added\": {}}]"}}, {"model": "admin.logentry", "pk": 136, "fields": {"action_time": "2020-06-24T14:07:07.881Z", "user": 1, "content_type": 5, "object_id": "62", "object_repr": "Salads - Salad w/Tuna - None - 8.25", "action_flag": 1, "change_message": "[{\"added\": {}}]"}}, {"model": "admin.logentry", "pk": 137, "fields": {"action_time": "2020-06-24T14:07:37.857Z", "user": 1, "content_type": 5, "object_id": "63", "object_repr": "Dinner Platters - Greek Salad - small - 40.00", "action_flag": 1, "change_message": "[{\"added\": {}}]"}}, {"model": "admin.logentry", "pk": 138, "fields": {"action_time": "2020-06-24T14:08:07.315Z", "user": 1, "content_type": 5, "object_id": "63", "object_repr": "Dinner Platters - Garden Salad - small - 40.00", "action_flag": 2, "change_message": "[{\"changed\": {\"fields\": [\"Addon\"]}}]"}}, {"model": "admin.logentry", "pk": 139, "fields": {"action_time": "2020-06-24T14:08:25.515Z", "user": 1, "content_type": 5, "object_id": "64", "object_repr": "Dinner Platters - Greek Salad - small - 50.00", "action_flag": 1, "change_message": "[{\"added\": {}}]"}}, {"model": "admin.logentry", "pk": 140, "fields": {"action_time": "2020-06-24T14:08:41.018Z", "user": 1, "content_type": 5, "object_id": "65", "object_repr": "Dinner Platters - Greek Salad - large - 75.00", "action_flag": 1, "change_message": "[{\"added\": {}}]"}}, {"model": "admin.logentry", "pk": 141, "fields": {"action_time": "2020-06-24T14:09:02.855Z", "user": 1, "content_type": 5, "object_id": "66", "object_repr": "Dinner Platters - Antipasto - small - 50.00", "action_flag": 1, "change_message": "[{\"added\": {}}]"}}, {"model": "admin.logentry", "pk": 142, "fields": {"action_time": "2020-06-24T14:09:17.699Z", "user": 1, "content_type": 5, "object_id": "67", "object_repr": "Dinner Platters - Antipasto - large - 75.00", "action_flag": 1, "change_message": "[{\"added\": {}}]"}}, {"model": "admin.logentry", "pk": 143, "fields": {"action_time": "2020-06-24T14:09:48.142Z", "user": 1, "content_type": 5, "object_id": "68", "object_repr": "Dinner Platters - Baked Ziti - small - 40.00", "action_flag": 1, "change_message": "[{\"added\": {}}]"}}, {"model": "admin.logentry", "pk": 144, "fields": {"action_time": "2020-06-24T14:10:02.934Z", "user": 1, "content_type": 5, "object_id": "69", "object_repr": "Dinner Platters - Baked Ziti - large - 65.00", "action_flag": 1, "change_message": "[{\"added\": {}}]"}}, {"model": "admin.logentry", "pk": 145, "fields": {"action_time": "2020-06-24T14:10:27.386Z", "user": 1, "content_type": 5, "object_id": "70", "object_repr": "Dinner Platters - Meatball Parm - small - 50.00", "action_flag": 1, "change_message": "[{\"added\": {}}]"}}, {"model": "admin.logentry", "pk": 146, "fields": {"action_time": "2020-06-24T14:10:55.494Z", "user": 1, "content_type": 5, "object_id": "71", "object_repr": "Dinner Platters - Meatball Parm - large - 75.00", "action_flag": 1, "change_message": "[{\"added\": {}}]"}}, {"model": "admin.logentry", "pk": 147, "fields": {"action_time": "2020-06-24T14:11:14.647Z", "user": 1, "content_type": 5, "object_id": "72", "object_repr": "Dinner Platters - Chicken Parm - small - 55.00", "action_flag": 1, "change_message": "[{\"added\": {}}]"}}, {"model": "admin.logentry", "pk": 148, "fields": {"action_time": "2020-06-24T14:12:42.929Z", "user": 1, "content_type": 5, "object_id": "73", "object_repr": "Dinner Platters - Chicken Parm - large - 85.00", "action_flag": 1, "change_message": "[{\"added\": {}}]"}}, {"model": "admin.logentry", "pk": 149, "fields": {"action_time": "2020-06-24T14:13:37.582Z", "user": 1, "content_type": 1, "object_id": "23", "object_repr": "Extra Cheese on any sub", "action_flag": 3, "change_message": ""}}, {"model": "admin.logentry", "pk": 150, "fields": {"action_time": "2020-06-25T04:35:34.359Z", "user": 1, "content_type": 2, "object_id": "1", "object_repr": "Regular Pizza", "action_flag": 2, "change_message": "[{\"changed\": {\"fields\": [\"Food image\"]}}]"}}, {"model": "admin.logentry", "pk": 151, "fields": {"action_time": "2020-06-25T04:36:44.157Z", "user": 1, "content_type": 2, "object_id": "2", "object_repr": "Sicilian Pizza", "action_flag": 2, "change_message": "[{\"changed\": {\"fields\": [\"Food image\"]}}]"}}, {"model": "admin.logentry", "pk": 152, "fields": {"action_time": "2020-06-25T04:41:31.576Z", "user": 1, "content_type": 2, "object_id": "3", "object_repr": "Subs", "action_flag": 2, "change_message": "[{\"changed\": {\"fields\": [\"Food image\"]}}]"}}, {"model": "admin.logentry", "pk": 153, "fields": {"action_time": "2020-06-25T05:02:05.994Z", "user": 1, "content_type": 2, "object_id": "4", "object_repr": "Pasta", "action_flag": 2, "change_message": "[{\"changed\": {\"fields\": [\"Food image\"]}}]"}}, {"model": "admin.logentry", "pk": 154, "fields": {"action_time": "2020-06-25T05:05:37.718Z", "user": 1, "content_type": 2, "object_id": "5", "object_repr": "Salads", "action_flag": 2, "change_message": "[{\"changed\": {\"fields\": [\"Food image\"]}}]"}}, {"model": "admin.logentry", "pk": 155, "fields": {"action_time": "2020-06-25T05:11:23.582Z", "user": 1, "content_type": 2, "object_id": "6", "object_repr": "Dinner Platters", "action_flag": 2, "change_message": "[{\"changed\": {\"fields\": [\"Food image\"]}}]"}}, {"model": "admin.logentry", "pk": 156, "fields": {"action_time": "2020-06-25T05:20:29.801Z", "user": 1, "content_type": 2, "object_id": "3", "object_repr": "Subs", "action_flag": 2, "change_message": "[{\"changed\": {\"fields\": [\"Food image\"]}}]"}}, {"model": "admin.logentry", "pk": 157, "fields": {"action_time": "2020-06-25T05:21:41.086Z", "user": 1, "content_type": 2, "object_id": "4", "object_repr": "Pasta", "action_flag": 2, "change_message": "[{\"changed\": {\"fields\": [\"Food image\"]}}]"}}, {"model": "admin.logentry", "pk": 158, "fields": {"action_time": "2020-06-25T16:27:00.566Z", "user": 1, "content_type": 2, "object_id": "1", "object_repr": "Regular Pizza", "action_flag": 2, "change_message": "[{\"changed\": {\"fields\": [\"Slug\"]}}]"}}, {"model": "admin.logentry", "pk": 159, "fields": {"action_time": "2020-06-25T16:27:17.671Z", "user": 1, "content_type": 2, "object_id": "2", "object_repr": "Sicilian Pizza", "action_flag": 2, "change_message": "[{\"changed\": {\"fields\": [\"Slug\"]}}]"}}, {"model": "admin.logentry", "pk": 160, "fields": {"action_time": "2020-06-25T16:27:24.456Z", "user": 1, "content_type": 2, "object_id": "3", "object_repr": "Subs", "action_flag": 2, "change_message": "[{\"changed\": {\"fields\": [\"Slug\"]}}]"}}, {"model": "admin.logentry", "pk": 161, "fields": {"action_time": "2020-06-25T16:27:31.674Z", "user": 1, "content_type": 2, "object_id": "4", "object_repr": "Pasta", "action_flag": 2, "change_message": "[{\"changed\": {\"fields\": [\"Slug\"]}}]"}}, {"model": "admin.logentry", "pk": 162, "fields": {"action_time": "2020-06-25T16:27:46.519Z", "user": 1, "content_type": 2, "object_id": "5", "object_repr": "Salads", "action_flag": 2, "change_message": "[{\"changed\": {\"fields\": [\"Slug\"]}}]"}}, {"model": "admin.logentry", "pk": 163, "fields": {"action_time": "2020-06-25T16:27:58.831Z", "user": 1, "content_type": 2, "object_id": "6", "object_repr": "Dinner Platters", "action_flag": 2, "change_message": "[{\"changed\": {\"fields\": [\"Slug\"]}}]"}}, {"model": "admin.logentry", "pk": 164, "fields": {"action_time": "2020-06-27T14:14:55.221Z", "user": 1, "content_type": 5, "object_id": "74", "object_repr": "Dinner Platters - Garden Salad - large - 65.00", "action_flag": 1, "change_message": "[{\"added\": {}}]"}}, {"model": "admin.logentry", "pk": 165, "fields": {"action_time": "2020-06-30T04:37:30.470Z", "user": 1, "content_type": 1, "object_id": "29", "object_repr": "Antipasto", "action_flag": 3, "change_message": ""}}, {"model": "admin.logentry", "pk": 166, "fields": {"action_time": "2020-06-30T04:48:06.003Z", "user": 1, "content_type": 5, "object_id": "75", "object_repr": "Salads - Antipasto - None - 8.25", "action_flag": 1, "change_message": "[{\"added\": {}}]"}}, {"model": "admin.logentry", "pk": 167, "fields": {"action_time": "2020-06-30T06:36:13.723Z", "user": 1, "content_type": 6, "object_id": "6", "object_repr": "Regular Pizza - 13.70", "action_flag": 3, "change_message": ""}}, {"model": "admin.logentry", "pk": 168, "fields": {"action_time": "2020-06-30T06:36:13.902Z", "user": 1, "content_type": 6, "object_id": "5", "object_repr": "Regular Pizza - 17.95", "action_flag": 3, "change_message": ""}}, {"model": "admin.logentry", "pk": 169, "fields": {"action_time": "2020-06-30T06:36:14.044Z", "user": 1, "content_type": 6, "object_id": "4", "object_repr": "Regular Pizza - 25.95", "action_flag": 3, "change_message": ""}}, {"model": "admin.logentry", "pk": 170, "fields": {"action_time": "2020-06-30T06:36:14.184Z", "user": 1, "content_type": 6, "object_id": "3", "object_repr": "Salads - 8.25", "action_flag": 3, "change_message": ""}}, {"model": "admin.logentry", "pk": 171, "fields": {"action_time": "2020-06-30T06:36:14.392Z", "user": 1, "content_type": 6, "object_id": "2", "object_repr": "Salads - 6.25", "action_flag": 3, "change_message": ""}}, {"model": "admin.logentry", "pk": 172, "fields": {"action_time": "2020-06-30T06:36:14.542Z", "user": 1, "content_type": 6, "object_id": "1", "object_repr": "Regular Pizza - 12.21", "action_flag": 3, "change_message": ""}}, {"model": "admin.logentry", "pk": 173, "fields": {"action_time": "2020-06-30T06:58:51.199Z", "user": 1, "content_type": 6, "object_id": "7", "object_repr": "Regular Pizza - 17.95", "action_flag": 3, "change_message": ""}}, {"model": "admin.logentry", "pk": 174, "fields": {"action_time": "2020-06-30T09:52:14.289Z", "user": 1, "content_type": 6, "object_id": "18", "object_repr": "Subs - 6.50", "action_flag": 3, "change_message": ""}}, {"model": "admin.logentry", "pk": 175, "fields": {"action_time": "2020-06-30T09:52:14.452Z", "user": 1, "content_type": 6, "object_id": "17", "object_repr": "Subs - 6.50", "action_flag": 3, "change_message": ""}}, {"model": "admin.logentry", "pk": 176, "fields": {"action_time": "2020-06-30T09:52:14.586Z", "user": 1, "content_type": 6, "object_id": "16", "object_repr": "Subs - 6.50", "action_flag": 3, "change_message": ""}}, {"model": "admin.logentry", "pk": 177, "fields": {"action_time": "2020-06-30T09:52:14.717Z", "user": 1, "content_type": 6, "object_id": "15", "object_repr": "Pasta - 6.50", "action_flag": 3, "change_message": ""}}, {"model": "admin.logentry", "pk": 178, "fields": {"action_time": "2020-06-30T09:52:14.897Z", "user": 1, "content_type": 6, "object_id": "14", "object_repr": "Dinner Platters - 40.00", "action_flag": 3, "change_message": ""}}, {"model": "admin.logentry", "pk": 179, "fields": {"action_time": "2020-06-30T09:52:15.095Z", "user": 1, "content_type": 6, "object_id": "13", "object_repr": "Salads - 8.25", "action_flag": 3, "change_message": ""}}, {"model": "admin.logentry", "pk": 180, "fields": {"action_time": "2020-06-30T09:52:15.287Z", "user": 1, "content_type": 6, "object_id": "12", "object_repr": "Sicilian Pizza - 45.70", "action_flag": 3, "change_message": ""}}, {"model": "admin.logentry", "pk": 181, "fields": {"action_time": "2020-06-30T09:52:15.466Z", "user": 1, "content_type": 6, "object_id": "11", "object_repr": "Regular Pizza - 16.20", "action_flag": 3, "change_message": ""}}, {"model": "admin.logentry", "pk": 182, "fields": {"action_time": "2020-06-30T09:52:15.659Z", "user": 1, "content_type": 6, "object_id": "10", "object_repr": "Regular Pizza - 21.95", "action_flag": 3, "change_message": ""}}, {"model": "admin.logentry", "pk": 183, "fields": {"action_time": "2020-06-30T09:52:15.821Z", "user": 1, "content_type": 6, "object_id": "9", "object_repr": "Regular Pizza - 19.95", "action_flag": 3, "change_message": ""}}, {"model": "admin.logentry", "pk": 184, "fields": {"action_time": "2020-06-30T09:52:15.965Z", "user": 1, "content_type": 6, "object_id": "8", "object_repr": "Regular Pizza - 17.95", "action_flag": 3, "change_message": ""}}, {"model": "admin.logentry", "pk": 185, "fields": {"action_time": "2020-06-30T10:13:39.547Z", "user": 1, "content_type": 6, "object_id": "6", "object_repr": "Subs - 6.50", "action_flag": 3, "change_message": ""}}, {"model": "admin.logentry", "pk": 186, "fields": {"action_time": "2020-06-30T10:13:39.756Z", "user": 1, "content_type": 6, "object_id": "5", "object_repr": "Dinner Platters - 75.00", "action_flag": 3, "change_message": ""}}, {"model": "admin.logentry", "pk": 187, "fields": {"action_time": "2020-06-30T10:13:39.899Z", "user": 1, "content_type": 6, "object_id": "4", "object_repr": "Regular Pizza - 23.95", "action_flag": 3, "change_message": ""}}, {"model": "admin.logentry", "pk": 188, "fields": {"action_time": "2020-06-30T10:13:40.044Z", "user": 1, "content_type": 6, "object_id": "3", "object_repr": "Subs - 7.95", "action_flag": 3, "change_message": ""}}, {"model": "admin.logentry", "pk": 189, "fields": {"action_time": "2020-06-30T10:13:40.175Z", "user": 1, "content_type": 6, "object_id": "2", "object_repr": "Sicilian Pizza - 44.70", "action_flag": 3, "change_message": ""}}, {"model": "admin.logentry", "pk": 190, "fields": {"action_time": "2020-06-30T10:13:40.347Z", "user": 1, "content_type": 6, "object_id": "1", "object_repr": "Regular Pizza - 12.70", "action_flag": 3, "change_message": ""}}, {"model": "admin.logentry", "pk": 191, "fields": {"action_time": "2020-06-30T17:45:00.602Z", "user": 1, "content_type": 6, "object_id": "46", "object_repr": "Subs - 9.00", "action_flag": 3, "change_message": ""}}, {"model": "admin.logentry", "pk": 192, "fields": {"action_time": "2020-06-30T17:45:00.778Z", "user": 1, "content_type": 6, "object_id": "45", "object_repr": "Dinner Platters - 65.00", "action_flag": 3, "change_message": ""}}, {"model": "admin.logentry", "pk": 193, "fields": {"action_time": "2020-06-30T17:45:00.933Z", "user": 1, "content_type": 6, "object_id": "44", "object_repr": "Regular Pizza - 12.70", "action_flag": 3, "change_message": ""}}, {"model": "admin.logentry", "pk": 194, "fields": {"action_time": "2020-06-30T17:45:01.106Z", "user": 1, "content_type": 6, "object_id": "43", "object_repr": "Salads - 8.25", "action_flag": 3, "change_message": ""}}, {"model": "admin.logentry", "pk": 195, "fields": {"action_time": "2020-06-30T17:45:01.248Z", "user": 1, "content_type": 6, "object_id": "42", "object_repr": "Pasta - 8.75", "action_flag": 3, "change_message": ""}}, {"model": "admin.logentry", "pk": 196, "fields": {"action_time": "2020-06-30T17:45:01.412Z", "user": 1, "content_type": 6, "object_id": "41", "object_repr": "Sicilian Pizza - 24.45", "action_flag": 3, "change_message": ""}}, {"model": "admin.logentry", "pk": 197, "fields": {"action_time": "2020-06-30T17:45:01.596Z", "user": 1, "content_type": 6, "object_id": "40", "object_repr": "Subs - 6.50", "action_flag": 3, "change_message": ""}}, {"model": "admin.logentry", "pk": 198, "fields": {"action_time": "2020-06-30T17:45:01.769Z", "user": 1, "content_type": 6, "object_id": "39", "object_repr": "Regular Pizza - 12.70", "action_flag": 3, "change_message": ""}}, {"model": "admin.logentry", "pk": 199, "fields": {"action_time": "2020-06-30T17:45:01.940Z", "user": 1, "content_type": 6, "object_id": "38", "object_repr": "Dinner Platters - 65.00", "action_flag": 3, "change_message": ""}}, {"model": "admin.logentry", "pk": 200, "fields": {"action_time": "2020-06-30T17:45:02.122Z", "user": 1, "content_type": 6, "object_id": "37", "object_repr": "Sicilian Pizza - 24.45", "action_flag": 3, "change_message": ""}}, {"model": "admin.logentry", "pk": 201, "fields": {"action_time": "2020-06-30T17:45:02.271Z", "user": 1, "content_type": 6, "object_id": "36", "object_repr": "Sicilian Pizza - 24.45", "action_flag": 3, "change_message": ""}}, {"model": "admin.logentry", "pk": 202, "fields": {"action_time": "2020-06-30T17:45:02.439Z", "user": 1, "content_type": 6, "object_id": "35", "object_repr": "Sicilian Pizza - 24.45", "action_flag": 3, "change_message": ""}}, {"model": "admin.logentry", "pk": 203, "fields": {"action_time": "2020-06-30T17:45:02.597Z", "user": 1, "content_type": 6, "object_id": "34", "object_repr": "Subs - 6.50", "action_flag": 3, "change_message": ""}}, {"model": "admin.logentry", "pk": 204, "fields": {"action_time": "2020-06-30T17:45:02.787Z", "user": 1, "content_type": 6, "object_id": "33", "object_repr": "Subs - 6.50", "action_flag": 3, "change_message": ""}}, {"model": "admin.logentry", "pk": 205, "fields": {"action_time": "2020-06-30T17:45:02.980Z", "user": 1, "content_type": 6, "object_id": "32", "object_repr": "Subs - 8.45", "action_flag": 3, "change_message": ""}}, {"model": "admin.logentry", "pk": 206, "fields": {"action_time": "2020-06-30T17:45:03.269Z", "user": 1, "content_type": 6, "object_id": "31", "object_repr": "Subs - 8.50", "action_flag": 3, "change_message": ""}}, {"model": "admin.logentry", "pk": 207, "fields": {"action_time": "2020-06-30T17:45:03.418Z", "user": 1, "content_type": 6, "object_id": "30", "object_repr": "Subs - 6.95", "action_flag": 3, "change_message": ""}}, {"model": "admin.logentry", "pk": 208, "fields": {"action_time": "2020-06-30T17:45:03.594Z", "user": 1, "content_type": 6, "object_id": "29", "object_repr": "Subs - 6.50", "action_flag": 3, "change_message": ""}}, {"model": "admin.logentry", "pk": 209, "fields": {"action_time": "2020-06-30T17:45:03.793Z", "user": 1, "content_type": 6, "object_id": "28", "object_repr": "Subs - 6.95", "action_flag": 3, "change_message": ""}}, {"model": "admin.logentry", "pk": 210, "fields": {"action_time": "2020-06-30T17:45:03.943Z", "user": 1, "content_type": 6, "object_id": "27", "object_repr": "Subs - 7.95", "action_flag": 3, "change_message": ""}}, {"model": "admin.logentry", "pk": 211, "fields": {"action_time": "2020-06-30T17:45:04.152Z", "user": 1, "content_type": 6, "object_id": "26", "object_repr": "Regular Pizza - 12.70", "action_flag": 3, "change_message": ""}}, {"model": "admin.logentry", "pk": 212, "fields": {"action_time": "2020-06-30T17:45:04.735Z", "user": 1, "content_type": 6, "object_id": "25", "object_repr": "Regular Pizza - 12.70", "action_flag": 3, "change_message": ""}}, {"model": "admin.logentry", "pk": 213, "fields": {"action_time": "2020-06-30T17:45:04.874Z", "user": 1, "content_type": 6, "object_id": "24", "object_repr": "Sicilian Pizza - 26.45", "action_flag": 3, "change_message": ""}}, {"model": "admin.logentry", "pk": 214, "fields": {"action_time": "2020-06-30T17:45:05.041Z", "user": 1, "content_type": 6, "object_id": "23", "object_repr": "Regular Pizza - 12.70", "action_flag": 3, "change_message": ""}}, {"model": "admin.logentry", "pk": 215, "fields": {"action_time": "2020-06-30T17:45:05.184Z", "user": 1, "content_type": 6, "object_id": "22", "object_repr": "Sicilian Pizza - 24.45", "action_flag": 3, "change_message": ""}}, {"model": "admin.logentry", "pk": 216, "fields": {"action_time": "2020-06-30T17:45:05.356Z", "user": 1, "content_type": 6, "object_id": "21", "object_repr": "Regular Pizza - 25.95", "action_flag": 3, "change_message": ""}}, {"model": "admin.logentry", "pk": 217, "fields": {"action_time": "2020-06-30T17:45:05.509Z", "user": 1, "content_type": 6, "object_id": "20", "object_repr": "Regular Pizza - 12.70", "action_flag": 3, "change_message": ""}}, {"model": "admin.logentry", "pk": 218, "fields": {"action_time": "2020-06-30T17:45:05.681Z", "user": 1, "content_type": 6, "object_id": "19", "object_repr": "Salads - 6.25", "action_flag": 3, "change_message": ""}}, {"model": "admin.logentry", "pk": 219, "fields": {"action_time": "2020-06-30T17:45:05.971Z", "user": 1, "content_type": 6, "object_id": "18", "object_repr": "Regular Pizza - 12.70", "action_flag": 3, "change_message": ""}}, {"model": "admin.logentry", "pk": 220, "fields": {"action_time": "2020-06-30T17:45:06.186Z", "user": 1, "content_type": 6, "object_id": "17", "object_repr": "Regular Pizza - 12.70", "action_flag": 3, "change_message": ""}}, {"model": "admin.logentry", "pk": 221, "fields": {"action_time": "2020-06-30T17:45:06.350Z", "user": 1, "content_type": 6, "object_id": "16", "object_repr": "Regular Pizza - 12.70", "action_flag": 3, "change_message": ""}}, {"model": "admin.logentry", "pk": 222, "fields": {"action_time": "2020-06-30T17:45:06.518Z", "user": 1, "content_type": 6, "object_id": "15", "object_repr": "Regular Pizza - 12.70", "action_flag": 3, "change_message": ""}}, {"model": "admin.logentry", "pk": 223, "fields": {"action_time": "2020-06-30T17:45:06.723Z", "user": 1, "content_type": 6, "object_id": "14", "object_repr": "Regular Pizza - 12.70", "action_flag": 3, "change_message": ""}}, {"model": "admin.logentry", "pk": 224, "fields": {"action_time": "2020-06-30T17:45:06.867Z", "user": 1, "content_type": 6, "object_id": "13", "object_repr": "Regular Pizza - 17.95", "action_flag": 3, "change_message": ""}}, {"model": "admin.logentry", "pk": 225, "fields": {"action_time": "2020-06-30T17:45:07.036Z", "user": 1, "content_type": 6, "object_id": "12", "object_repr": "Regular Pizza - 17.95", "action_flag": 3, "change_message": ""}}, {"model": "admin.logentry", "pk": 226, "fields": {"action_time": "2020-06-30T17:45:07.230Z", "user": 1, "content_type": 6, "object_id": "11", "object_repr": "Regular Pizza - 12.70", "action_flag": 3, "change_message": ""}}, {"model": "admin.logentry", "pk": 227, "fields": {"action_time": "2020-06-30T17:45:07.390Z", "user": 1, "content_type": 6, "object_id": "10", "object_repr": "Dinner Platters - 85.00", "action_flag": 3, "change_message": ""}}, {"model": "admin.logentry", "pk": 228, "fields": {"action_time": "2020-06-30T17:45:07.656Z", "user": 1, "content_type": 6, "object_id": "9", "object_repr": "Subs - 7.95", "action_flag": 3, "change_message": ""}}, {"model": "admin.logentry", "pk": 229, "fields": {"action_time": "2020-06-30T17:45:07.835Z", "user": 1, "content_type": 6, "object_id": "8", "object_repr": "Subs - 6.50", "action_flag": 3, "change_message": ""}}, {"model": "admin.logentry", "pk": 230, "fields": {"action_time": "2020-06-30T17:45:07.995Z", "user": 1, "content_type": 6, "object_id": "7", "object_repr": "Regular Pizza - 17.95", "action_flag": 3, "change_message": ""}}, {"model": "admin.logentry", "pk": 231, "fields": {"action_time": "2020-06-30T17:52:51.673Z", "user": 1, "content_type": 6, "object_id": "47", "object_repr": "Regular Pizza - 12.70", "action_flag": 3, "change_message": ""}}, {"model": "admin.logentry", "pk": 232, "fields": {"action_time": "2020-06-30T20:31:15.966Z", "user": 1, "content_type": 6, "object_id": "78", "object_repr": "Dinner Platters - 65.00", "action_flag": 3, "change_message": ""}}, {"model": "admin.logentry", "pk": 233, "fields": {"action_time": "2020-06-30T20:31:16.179Z", "user": 1, "content_type": 6, "object_id": "77", "object_repr": "Regular Pizza - 12.70", "action_flag": 3, "change_message": ""}}, {"model": "admin.logentry", "pk": 234, "fields": {"action_time": "2020-06-30T20:31:16.327Z", "user": 1, "content_type": 6, "object_id": "76", "object_repr": "Salads - 8.25", "action_flag": 3, "change_message": ""}}, {"model": "admin.logentry", "pk": 235, "fields": {"action_time": "2020-06-30T20:31:16.463Z", "user": 1, "content_type": 6, "object_id": "75", "object_repr": "Subs - 6.50", "action_flag": 3, "change_message": ""}}, {"model": "admin.logentry", "pk": 236, "fields": {"action_time": "2020-06-30T20:31:16.618Z", "user": 1, "content_type": 6, "object_id": "74", "object_repr": "Sicilian Pizza - 24.45", "action_flag": 3, "change_message": ""}}, {"model": "admin.logentry", "pk": 237, "fields": {"action_time": "2020-06-30T20:31:16.766Z", "user": 1, "content_type": 6, "object_id": "73", "object_repr": "Sicilian Pizza - 24.45", "action_flag": 3, "change_message": ""}}, {"model": "admin.logentry", "pk": 238, "fields": {"action_time": "2020-06-30T20:31:16.916Z", "user": 1, "content_type": 6, "object_id": "72", "object_repr": "Sicilian Pizza - 24.45", "action_flag": 3, "change_message": ""}}, {"model": "admin.logentry", "pk": 239, "fields": {"action_time": "2020-06-30T20:31:17.084Z", "user": 1, "content_type": 6, "object_id": "71", "object_repr": "Regular Pizza - 12.70", "action_flag": 3, "change_message": ""}}, {"model": "admin.logentry", "pk": 240, "fields": {"action_time": "2020-06-30T20:31:17.249Z", "user": 1, "content_type": 6, "object_id": "70", "object_repr": "Regular Pizza - 12.70", "action_flag": 3, "change_message": ""}}, {"model": "admin.logentry", "pk": 241, "fields": {"action_time": "2020-06-30T20:31:17.410Z", "user": 1, "content_type": 6, "object_id": "69", "object_repr": "Sicilian Pizza - 24.45", "action_flag": 3, "change_message": ""}}, {"model": "admin.logentry", "pk": 242, "fields": {"action_time": "2020-06-30T20:31:17.575Z", "user": 1, "content_type": 6, "object_id": "68", "object_repr": "Regular Pizza - 12.70", "action_flag": 3, "change_message": ""}}, {"model": "admin.logentry", "pk": 243, "fields": {"action_time": "2020-06-30T20:31:17.714Z", "user": 1, "content_type": 6, "object_id": "67", "object_repr": "Sicilian Pizza - 24.45", "action_flag": 3, "change_message": ""}}, {"model": "admin.logentry", "pk": 244, "fields": {"action_time": "2020-06-30T20:31:17.858Z", "user": 1, "content_type": 6, "object_id": "66", "object_repr": "Regular Pizza - 12.70", "action_flag": 3, "change_message": ""}}, {"model": "admin.logentry", "pk": 245, "fields": {"action_time": "2020-06-30T20:31:17.994Z", "user": 1, "content_type": 6, "object_id": "65", "object_repr": "Sicilian Pizza - 24.45", "action_flag": 3, "change_message": ""}}, {"model": "admin.logentry", "pk": 246, "fields": {"action_time": "2020-06-30T20:31:18.178Z", "user": 1, "content_type": 6, "object_id": "64", "object_repr": "Regular Pizza - 12.70", "action_flag": 3, "change_message": ""}}, {"model": "admin.logentry", "pk": 247, "fields": {"action_time": "2020-06-30T20:31:18.329Z", "user": 1, "content_type": 6, "object_id": "63", "object_repr": "Sicilian Pizza - 24.45", "action_flag": 3, "change_message": ""}}, {"model": "admin.logentry", "pk": 248, "fields": {"action_time": "2020-06-30T20:31:18.466Z", "user": 1, "content_type": 6, "object_id": "62", "object_repr": "Regular Pizza - 12.70", "action_flag": 3, "change_message": ""}}, {"model": "admin.logentry", "pk": 249, "fields": {"action_time": "2020-06-30T20:31:18.727Z", "user": 1, "content_type": 6, "object_id": "61", "object_repr": "Sicilian Pizza - 24.45", "action_flag": 3, "change_message": ""}}, {"model": "admin.logentry", "pk": 250, "fields": {"action_time": "2020-06-30T20:31:19.037Z", "user": 1, "content_type": 6, "object_id": "60", "object_repr": "Regular Pizza - 12.70", "action_flag": 3, "change_message": ""}}, {"model": "admin.logentry", "pk": 251, "fields": {"action_time": "2020-06-30T20:31:19.226Z", "user": 1, "content_type": 6, "object_id": "59", "object_repr": "Sicilian Pizza - 24.45", "action_flag": 3, "change_message": ""}}, {"model": "admin.logentry", "pk": 252, "fields": {"action_time": "2020-06-30T20:31:19.393Z", "user": 1, "content_type": 6, "object_id": "58", "object_repr": "Regular Pizza - 12.70", "action_flag": 3, "change_message": ""}}, {"model": "admin.logentry", "pk": 253, "fields": {"action_time": "2020-06-30T20:31:19.545Z", "user": 1, "content_type": 6, "object_id": "57", "object_repr": "Regular Pizza - 12.70", "action_flag": 3, "change_message": ""}}, {"model": "admin.logentry", "pk": 254, "fields": {"action_time": "2020-06-30T20:31:19.779Z", "user": 1, "content_type": 6, "object_id": "56", "object_repr": "Regular Pizza - 12.70", "action_flag": 3, "change_message": ""}}, {"model": "admin.logentry", "pk": 255, "fields": {"action_time": "2020-06-30T20:31:20.006Z", "user": 1, "content_type": 6, "object_id": "55", "object_repr": "Sicilian Pizza - 24.45", "action_flag": 3, "change_message": ""}}, {"model": "admin.logentry", "pk": 256, "fields": {"action_time": "2020-06-30T20:31:20.165Z", "user": 1, "content_type": 6, "object_id": "54", "object_repr": "Pasta - 6.50", "action_flag": 3, "change_message": ""}}, {"model": "admin.logentry", "pk": 257, "fields": {"action_time": "2020-06-30T20:31:20.315Z", "user": 1, "content_type": 6, "object_id": "53", "object_repr": "Regular Pizza - 17.95", "action_flag": 3, "change_message": ""}}, {"model": "admin.logentry", "pk": 258, "fields": {"action_time": "2020-06-30T20:31:20.470Z", "user": 1, "content_type": 6, "object_id": "52", "object_repr": "Regular Pizza - 17.95", "action_flag": 3, "change_message": ""}}, {"model": "admin.logentry", "pk": 259, "fields": {"action_time": "2020-06-30T20:31:20.647Z", "user": 1, "content_type": 6, "object_id": "51", "object_repr": "Regular Pizza - 12.70", "action_flag": 3, "change_message": ""}}, {"model": "admin.logentry", "pk": 260, "fields": {"action_time": "2020-06-30T20:31:20.813Z", "user": 1, "content_type": 6, "object_id": "50", "object_repr": "Dinner Platters - 65.00", "action_flag": 3, "change_message": ""}}, {"model": "admin.logentry", "pk": 261, "fields": {"action_time": "2020-06-30T20:31:20.946Z", "user": 1, "content_type": 6, "object_id": "49", "object_repr": "Regular Pizza - 12.70", "action_flag": 3, "change_message": ""}}, {"model": "admin.logentry", "pk": 262, "fields": {"action_time": "2020-06-30T20:31:21.090Z", "user": 1, "content_type": 6, "object_id": "48", "object_repr": "Regular Pizza - 12.70", "action_flag": 3, "change_message": ""}}, {"model": "admin.logentry", "pk": 263, "fields": {"action_time": "2020-06-30T22:15:31.918Z", "user": 1, "content_type": 6, "object_id": "82", "object_repr": "Subs - 6.50", "action_flag": 3, "change_message": ""}}, {"model": "admin.logentry", "pk": 264, "fields": {"action_time": "2020-06-30T22:15:32.080Z", "user": 1, "content_type": 6, "object_id": "81", "object_repr": "Regular Pizza - 19.95", "action_flag": 3, "change_message": ""}}, {"model": "admin.logentry", "pk": 265, "fields": {"action_time": "2020-06-30T22:15:32.245Z", "user": 1, "content_type": 6, "object_id": "80", "object_repr": "Pasta - 6.50", "action_flag": 3, "change_message": ""}}, {"model": "admin.logentry", "pk": 266, "fields": {"action_time": "2020-06-30T22:15:32.379Z", "user": 1, "content_type": 6, "object_id": "79", "object_repr": "Regular Pizza - 12.70", "action_flag": 3, "change_message": ""}}, {"model": "admin.logentry", "pk": 267, "fields": {"action_time": "2020-06-30T22:29:18.596Z", "user": 1, "content_type": 6, "object_id": "88", "object_repr": "Pasta - 6.50", "action_flag": 3, "change_message": ""}}, {"model": "admin.logentry", "pk": 268, "fields": {"action_time": "2020-06-30T22:29:18.759Z", "user": 1, "content_type": 6, "object_id": "87", "object_repr": "Subs - 6.50", "action_flag": 3, "change_message": ""}}, {"model": "admin.logentry", "pk": 269, "fields": {"action_time": "2020-06-30T22:29:18.924Z", "user": 1, "content_type": 6, "object_id": "86", "object_repr": "Sicilian Pizza - 24.45", "action_flag": 3, "change_message": ""}}, {"model": "admin.logentry", "pk": 270, "fields": {"action_time": "2020-06-30T22:29:19.159Z", "user": 1, "content_type": 6, "object_id": "85", "object_repr": "Sicilian Pizza - 24.45", "action_flag": 3, "change_message": ""}}, {"model": "admin.logentry", "pk": 271, "fields": {"action_time": "2020-06-30T22:29:19.446Z", "user": 1, "content_type": 6, "object_id": "84", "object_repr": "Subs - 6.50", "action_flag": 3, "change_message": ""}}, {"model": "admin.logentry", "pk": 272, "fields": {"action_time": "2020-06-30T22:29:19.648Z", "user": 1, "content_type": 6, "object_id": "83", "object_repr": "Regular Pizza - 12.70", "action_flag": 3, "change_message": ""}}, {"model": "admin.logentry", "pk": 273, "fields": {"action_time": "2020-07-01T12:14:17.574Z", "user": 1, "content_type": 6, "object_id": "97", "object_repr": "Subs - 6.50", "action_flag": 3, "change_message": ""}}, {"model": "admin.logentry", "pk": 274, "fields": {"action_time": "2020-07-01T12:14:17.765Z", "user": 1, "content_type": 6, "object_id": "94", "object_repr": "Subs - 6.50", "action_flag": 3, "change_message": ""}}, {"model": "admin.logentry", "pk": 275, "fields": {"action_time": "2020-07-01T12:14:17.947Z", "user": 1, "content_type": 6, "object_id": "93", "object_repr": "Sicilian Pizza - 24.45", "action_flag": 3, "change_message": ""}}, {"model": "admin.logentry", "pk": 276, "fields": {"action_time": "2020-07-01T12:14:18.103Z", "user": 1, "content_type": 6, "object_id": "92", "object_repr": "Dinner Platters - 65.00", "action_flag": 3, "change_message": ""}}, {"model": "admin.logentry", "pk": 277, "fields": {"action_time": "2020-07-01T12:14:18.277Z", "user": 1, "content_type": 6, "object_id": "91", "object_repr": "Pasta - 9.75", "action_flag": 3, "change_message": ""}}, {"model": "admin.logentry", "pk": 278, "fields": {"action_time": "2020-07-01T12:14:18.431Z", "user": 1, "content_type": 6, "object_id": "90", "object_repr": "Subs - 6.50", "action_flag": 3, "change_message": ""}}, {"model": "admin.logentry", "pk": 279, "fields": {"action_time": "2020-07-01T12:14:18.605Z", "user": 1, "content_type": 6, "object_id": "89", "object_repr": "Sicilian Pizza - 24.45", "action_flag": 3, "change_message": ""}}, {"model": "admin.logentry", "pk": 280, "fields": {"action_time": "2020-07-01T12:21:23.077Z", "user": 1, "content_type": 13, "object_id": "1", "object_repr": "Not confirmed", "action_flag": 1, "change_message": "[{\"added\": {}}]"}}, {"model": "admin.logentry", "pk": 281, "fields": {"action_time": "2020-07-01T12:21:29.492Z", "user": 1, "content_type": 13, "object_id": "2", "object_repr": "Pending", "action_flag": 1, "change_message": "[{\"added\": {}}]"}}, {"model": "admin.logentry", "pk": 282, "fields": {"action_time": "2020-07-01T12:21:37.471Z", "user": 1, "content_type": 13, "object_id": "3", "object_repr": "Completed", "action_flag": 1, "change_message": "[{\"added\": {}}]"}}, {"model": "admin.logentry", "pk": 283, "fields": {"action_time": "2020-07-01T14:04:30.380Z", "user": 1, "content_type": 6, "object_id": "2", "object_repr": "Subs - 20", "action_flag": 1, "change_message": "[{\"added\": {}}]"}}, {"model": "admin.logentry", "pk": 284, "fields": {"action_time": "2020-07-01T14:08:19.873Z", "user": 1, "content_type": 6, "object_id": "3", "object_repr": "Sicilian Pizza - 85", "action_flag": 1, "change_message": "[{\"added\": {}}]"}}, {"model": "admin.logentry", "pk": 285, "fields": {"action_time": "2020-07-01T14:30:44.999Z", "user": 1, "content_type": 6, "object_id": "2", "object_repr": "Subs - 20.00", "action_flag": 2, "change_message": "[{\"changed\": {\"fields\": [\"Status\"]}}]"}}, {"model": "admin.logentry", "pk": 286, "fields": {"action_time": "2020-07-01T14:32:27.884Z", "user": 1, "content_type": 6, "object_id": "3", "object_repr": "Sicilian Pizza - 85.00", "action_flag": 3, "change_message": ""}}, {"model": "admin.logentry", "pk": 287, "fields": {"action_time": "2020-07-02T04:36:39.419Z", "user": 1, "content_type": 6, "object_id": "5", "object_repr": "Regular Pizza - 8.50", "action_flag": 1, "change_message": "[{\"added\": {}}]"}}, {"model": "admin.logentry", "pk": 288, "fields": {"action_time": "2020-07-02T06:57:41.371Z", "user": 1, "content_type": 6, "object_id": "27", "object_repr": "Subs - 9.00", "action_flag": 3, "change_message": ""}}, {"model": "admin.logentry", "pk": 289, "fields": {"action_time": "2020-07-02T06:57:41.523Z", "user": 1, "content_type": 6, "object_id": "25", "object_repr": "Salads - 8.25", "action_flag": 3, "change_message": ""}}, {"model": "admin.logentry", "pk": 290, "fields": {"action_time": "2020-07-02T06:57:41.702Z", "user": 1, "content_type": 6, "object_id": "24", "object_repr": "Subs - 7.95", "action_flag": 3, "change_message": ""}}, {"model": "admin.logentry", "pk": 291, "fields": {"action_time": "2020-07-02T06:57:41.871Z", "user": 1, "content_type": 6, "object_id": "23", "object_repr": "Subs - 6.50", "action_flag": 3, "change_message": ""}}, {"model": "admin.logentry", "pk": 292, "fields": {"action_time": "2020-07-02T06:57:42.138Z", "user": 1, "content_type": 6, "object_id": "22", "object_repr": "Subs - 7.00", "action_flag": 3, "change_message": ""}}, {"model": "admin.logentry", "pk": 293, "fields": {"action_time": "2020-07-02T06:57:42.288Z", "user": 1, "content_type": 6, "object_id": "21", "object_repr": "Subs - 8.50", "action_flag": 3, "change_message": ""}}, {"model": "admin.logentry", "pk": 294, "fields": {"action_time": "2020-07-02T06:57:42.436Z", "user": 1, "content_type": 6, "object_id": "20", "object_repr": "Dinner Platters - 75.00", "action_flag": 3, "change_message": ""}}, {"model": "admin.logentry", "pk": 295, "fields": {"action_time": "2020-07-02T06:57:42.779Z", "user": 1, "content_type": 6, "object_id": "19", "object_repr": "Subs - 6.50", "action_flag": 3, "change_message": ""}}, {"model": "admin.logentry", "pk": 296, "fields": {"action_time": "2020-07-02T06:57:43.046Z", "user": 1, "content_type": 6, "object_id": "2", "object_repr": "Subs - 20.00", "action_flag": 3, "change_message": ""}}, {"model": "admin.logentry", "pk": 297, "fields": {"action_time": "2020-07-02T06:57:43.185Z", "user": 1, "content_type": 6, "object_id": "1", "object_repr": "Sicilian Pizza - 24.45", "action_flag": 3, "change_message": ""}}, {"model": "admin.logentry", "pk": 298, "fields": {"action_time": "2020-07-02T14:18:08.898Z", "user": 1, "content_type": 6, "object_id": "53", "object_repr": "Subs - 6.50", "action_flag": 2, "change_message": "[{\"changed\": {\"fields\": [\"Status\"]}}]"}}, {"model": "admin.logentry", "pk": 299, "fields": {"action_time": "2020-07-02T14:18:19.193Z", "user": 1, "content_type": 6, "object_id": "36", "object_repr": "Salads - 8.25", "action_flag": 2, "change_message": "[{\"changed\": {\"fields\": [\"Status\"]}}]"}}, {"model": "admin.logentry", "pk": 300, "fields": {"action_time": "2020-07-02T14:18:27.385Z", "user": 1, "content_type": 6, "object_id": "36", "object_repr": "Salads - 8.25", "action_flag": 2, "change_message": "[]"}}, {"model": "admin.logentry", "pk": 301, "fields": {"action_time": "2020-07-02T14:18:34.025Z", "user": 1, "content_type": 6, "object_id": "33", "object_repr": "Subs - 7.95", "action_flag": 2, "change_message": "[{\"changed\": {\"fields\": [\"Status\"]}}]"}}, {"model": "admin.logentry", "pk": 302, "fields": {"action_time": "2020-07-02T14:18:38.869Z", "user": 1, "content_type": 6, "object_id": "30", "object_repr": "Sicilian Pizza - 24.45", "action_flag": 2, "change_message": "[{\"changed\": {\"fields\": [\"Status\"]}}]"}}, {"model": "admin.logentry", "pk": 303, "fields": {"action_time": "2020-07-02T14:20:04.014Z", "user": 1, "content_type": 6, "object_id": "53", "object_repr": "Subs - 6.50", "action_flag": 2, "change_message": "[{\"changed\": {\"fields\": [\"Status\"]}}]"}}, {"model": "admin.logentry", "pk": 304, "fields": {"action_time": "2020-07-02T14:20:09.847Z", "user": 1, "content_type": 6, "object_id": "36", "object_repr": "Salads - 8.25", "action_flag": 2, "change_message": "[{\"changed\": {\"fields\": [\"Status\"]}}]"}}, {"model": "orders.order", "pk": 30, "fields": {"user": 1, "food": 2, "addon": 1, "topping1": null, "topping2": null, "topping3": null, "extra_cheese": null, "size": 1, "price": "24.45", "status": 3}}, {"model": "orders.order", "pk": 33, "fields": {"user": 1, "food": 3, "addon": 1, "topping1": null, "topping2": null, "topping3": null, "extra_cheese": null, "size": 2, "price": "7.95", "status": 3}}, {"model": "orders.order", "pk": 35, "fields": {"user": 1, "food": 5, "addon": 28, "topping1": null, "topping2": null, "topping3": null, "extra_cheese": null, "size": null, "price": "8.25", "status": 3}}, {"model": "orders.order", "pk": 36, "fields": {"user": 1, "food": 5, "addon": 30, "topping1": null, "topping2": null, "topping3": null, "extra_cheese": null, "size": null, "price": "8.25", "status": 3}}, {"model": "orders.order", "pk": 53, "fields": {"user": 1, "food": 3, "addon": 1, "topping1": null, "topping2": null, "topping3": null, "extra_cheese": null, "size": 1, "price": "6.50", "status": 3}}, {"model": "orders.order", "pk": 92, "fields": {"user": 1, "food": 2, "addon": 1, "topping1": null, "topping2": null, "topping3": null, "extra_cheese": null, "size": 1, "price": "24.45", "status": 3}}, {"model": "orders.order", "pk": 93, "fields": {"user": 1, "food": 4, "addon": 24, "topping1": null, "topping2": null, "topping3": null, "extra_cheese": null, "size": null, "price": "6.50", "status": 3}}, {"model": "orders.order", "pk": 94, "fields": {"user": 1, "food": 2, "addon": 5, "topping1": null, "topping2": null, "topping3": null, "extra_cheese": null, "size": 1, "price": "30.45", "status": 3}}, {"model": "orders.order", "pk": 95, "fields": {"user": 1, "food": 5, "addon": 33, "topping1": null, "topping2": null, "topping3": null, "extra_cheese": null, "size": null, "price": "8.25", "status": 3}}, {"model": "orders.order", "pk": 96, "fields": {"user": 1, "food": 5, "addon": 27, "topping1": null, "topping2": null, "topping3": null, "extra_cheese": null, "size": null, "price": "6.25", "status": 3}}, {"model": "orders.order", "pk": 98, "fields": {"user": 1, "food": 6, "addon": 34, "topping1": null, "topping2": null, "topping3": null, "extra_cheese": null, "size": 2, "price": "65.00", "status": 3}}, {"model": "orders.order", "pk": 100, "fields": {"user": 1, "food": 5, "addon": 33, "topping1": null, "topping2": null, "topping3": null, "extra_cheese": null, "size": null, "price": "8.25", "status": 3}}, {"model": "orders.order", "pk": 103, "fields": {"user": 1, "food": 2, "addon": 1, "topping1": null, "topping2": null, "topping3": null, "extra_cheese": null, "size": 1, "price": "24.45", "status": 3}}]